Positive, Negative, Index
1,1,0.86846
1,2,0.69798
2,1,0.9084
1,3,0.56325
2,2,0.78126
3,1,0.92656
1,4,0.46566
2,3,0.66844
3,2,0.82341
4,1,0.93743
1,5,0.39185
2,4,0.57577
3,3,0.72641
4,2,0.84985
5,1,0.94486
1,6,0.33618
2,5,0.5037
3,4,0.64374
4,3,0.76502
5,2,0.86828
6,1,0.95033
1,7,0.29228
2,6,0.44483
3,5,0.57387
4,4,0.68964
5,3,0.79255
6,2,0.88201
7,1,0.95457
1,8,0.25751
2,7,0.39657
3,6,0.51584
4,5,0.62494
5,4,0.72387
6,3,0.81353
7,2,0.89271
8,1,0.95797
1,9,0.22911
2,8,0.35657
3,7,0.46784
4,6,0.56891
5,5,0.66336
6,4,0.7504
7,3,0.83011
8,2,0.90131
9,1,0.96077
1,10,0.20575
2,9,0.32342
3,8,0.42654
4,7,0.52041
5,6,0.61029
6,5,0.69336
7,4,0.77147
8,3,0.84358
9,2,0.90842
10,1,0.96313
1,11,0.18615
2,10,0.29507
3,9,0.39118
4,8,0.47999
5,7,0.5636
6,6,0.64328
7,5,0.71835
8,4,0.78906
9,3,0.85481
10,2,0.91441
11,1,0.96515
1,12,0.16955
2,11,0.27068
3,10,0.36033
4,9,0.44419
5,8,0.52212
6,7,0.59853
7,6,0.67035
8,5,0.73895
9,4,0.80373
10,3,0.86429
11,2,0.91953
12,1,0.96691
1,13,0.15535
2,12,0.24987
3,11,0.33404
4,10,0.4127
5,9,0.48709
6,8,0.55858
7,7,0.62751
8,6,0.69321
9,5,0.75629
10,4,0.81622
11,3,0.87247
12,2,0.92396
13,1,0.96845
1,14,0.14305
2,13,0.23157
3,12,0.31079
4,11,0.38495
5,10,0.45555
6,9,0.52257
7,8,0.58889
8,7,0.65209
9,6,0.71293
10,5,0.77133
11,4,0.82707
12,3,0.87955
13,2,0.92785
14,1,0.96981
1,15,0.13236
2,14,0.21544
3,13,0.29021
4,12,0.36017
5,11,0.42734
6,10,0.49146
7,9,0.55402
8,8,0.61471
9,7,0.67306
10,6,0.72992
11,5,0.78441
12,4,0.83652
13,3,0.8858
14,2,0.93128
15,1,0.97103
1,16,0.12293
2,15,0.20132
3,14,0.27186
4,13,0.33819
5,12,0.40205
6,11,0.46333
7,10,0.52228
8,9,0.58082
9,8,0.63717
10,7,0.69171
11,6,0.74477
12,5,0.79589
13,4,0.84488
14,3,0.89132
15,2,0.93435
16,1,0.97213
1,17,0.11463
2,16,0.18868
3,15,0.25551
4,14,0.31871
5,13,0.37927
6,12,0.4378
7,11,0.4942
8,10,0.54992
9,9,0.60415
10,8,0.65681
11,7,0.70811
12,6,0.75779
13,5,0.806
14,4,0.85233
15,3,0.89627
16,2,0.9371
17,1,0.97312
1,18,0.10722
2,17,0.17733
3,16,0.24093
4,15,0.30102
5,14,0.35863
6,13,0.41462
7,12,0.46888
8,11,0.52155
9,10,0.57397
10,9,0.62478
11,8,0.67404
12,7,0.72261
13,6,0.7696
14,5,0.81515
15,4,0.85898
16,3,0.90072
17,2,0.93959
18,1,0.97403
1,19,0.10061
2,18,0.16721
3,17,0.2277
4,16,0.28499
5,15,0.33982
6,14,0.39358
7,13,0.44561
8,12,0.49597
9,11,0.54623
10,10,0.59527
11,9,0.64309
12,8,0.68981
13,7,0.73559
14,6,0.78012
15,5,0.82334
16,4,0.86501
17,3,0.90475
18,2,0.94186
19,1,0.97486
1,20,0.09465
2,19,0.15802
3,18,0.21569
4,17,0.2704
5,16,0.32309
6,15,0.37433
7,14,0.42429
8,13,0.47297
9,12,0.52059
10,11,0.56807
11,10,0.61429
12,9,0.65945
13,8,0.70389
14,7,0.74722
15,6,0.78962
16,5,0.83073
17,4,0.87047
18,3,0.9084
19,2,0.94392
20,1,0.97562
1,21,0.08927
2,20,0.14966
3,19,0.20474
4,18,0.25702
5,17,0.30763
6,16,0.35666
7,15,0.40465
8,14,0.4516
9,13,0.49711
10,12,0.54291
11,11,0.58763
12,10,0.63142
13,9,0.67421
14,8,0.71657
15,7,0.75782
16,6,0.79819
17,5,0.83747
18,4,0.87542
19,3,0.91176
20,2,0.94582
21,1,0.97632
1,22,0.0844
2,21,0.14209
3,20,0.19483
4,19,0.24496
5,18,0.29343
6,17,0.34033
7,16,0.38668
8,15,0.43183
9,14,0.47603
10,13,0.51952
11,12,0.5629
12,11,0.60527
13,10,0.64692
14,9,0.68784
15,8,0.72812
16,7,0.76753
17,6,0.80607
18,5,0.84364
19,4,0.87999
20,3,0.91483
21,2,0.94757
22,1,0.97697
1,23,0.07996
2,22,0.13515
3,21,0.1857
4,20,0.23383
5,19,0.28037
6,18,0.32558
7,17,0.37004
8,16,0.41358
9,15,0.45629
10,14,0.49784
11,13,0.5399
12,12,0.581
13,11,0.62137
14,10,0.66094
15,9,0.7002
16,8,0.73865
17,7,0.77637
18,6,0.8133
19,5,0.8493
20,4,0.88419
21,3,0.91766
22,2,0.94919
23,1,0.97758
1,24,0.0759
2,23,0.12876
3,22,0.17729
4,21,0.22354
5,20,0.26829
6,19,0.31192
7,18,0.35462
8,17,0.39663
9,16,0.43792
10,15,0.47839
11,14,0.51841
12,13,0.55834
13,12,0.59747
14,11,0.63605
15,10,0.67391
16,9,0.71149
17,8,0.74823
18,7,0.7845
19,6,0.81993
20,5,0.85449
21,4,0.88805
22,3,0.92028
23,2,0.95069
24,1,0.97815
1,25,0.07218
2,24,0.12292
3,23,0.16951
4,22,0.21404
5,21,0.25708
6,20,0.2992
7,19,0.34025
8,18,0.38094
9,17,0.42082
10,16,0.46004
11,15,0.49829
12,14,0.53716
13,13,0.57519
14,12,0.61262
15,11,0.6495
16,10,0.68592
17,9,0.72189
18,8,0.7572
19,7,0.79198
20,6,0.82605
21,5,0.85932
22,4,0.89164
23,3,0.92272
24,2,0.95208
25,1,0.97868
1,26,0.06876
2,25,0.1175
3,24,0.16237
4,23,0.20522
5,22,0.24672
6,21,0.28737
7,20,0.32701
8,19,0.36631
9,18,0.40486
10,17,0.44287
11,16,0.48021
12,15,0.51729
13,14,0.55428
14,13,0.59065
15,12,0.62654
16,11,0.66178
17,10,0.69694
18,9,0.73147
19,8,0.76547
20,7,0.79887
21,6,0.8317
22,5,0.8638
23,4,0.89497
24,3,0.92498
25,2,0.95338
26,1,0.97918
1,27,0.0656
2,26,0.11249
3,25,0.15573
4,24,0.19704
5,23,0.23718
6,22,0.27639
7,21,0.31479
8,20,0.35263
9,19,0.39
10,18,0.42679
11,17,0.46308
12,16,0.49855
13,15,0.53466
14,14,0.57003
15,13,0.60492
16,12,0.63938
17,11,0.67336
18,10,0.70713
19,9,0.74033
20,8,0.77312
21,7,0.80535
22,6,0.837
23,5,0.86796
24,4,0.89807
25,3,0.9271
26,2,0.9546
27,1,0.97964
1,28,0.06268
2,27,0.10785
3,26,0.14955
4,25,0.18948
5,24,0.22823
6,23,0.26611
7,22,0.30331
8,21,0.33981
9,20,0.37608
10,19,0.41176
11,18,0.44697
12,17,0.48163
13,16,0.51618
14,15,0.55065
15,14,0.5846
16,13,0.61814
17,12,0.65126
18,11,0.6841
19,10,0.71659
20,9,0.74854
21,8,0.78024
22,7,0.81135
23,6,0.84192
24,5,0.87183
25,4,0.90097
26,3,0.92907
27,2,0.95574
28,1,0.98008
1,29,0.05998
2,28,0.10353
3,27,0.14378
4,26,0.18238
5,25,0.21986
6,24,0.25648
7,23,0.29254
8,22,0.32782
9,21,0.36303
10,20,0.3976
11,19,0.43183
12,18,0.46558
13,17,0.49867
14,16,0.53237
15,15,0.56543
16,14,0.59807
17,13,0.63041
18,12,0.66221
19,11,0.69406
20,10,0.72539
21,9,0.75631
22,8,0.78687
23,7,0.81695
24,6,0.84652
25,5,0.87547
26,4,0.90368
27,3,0.93093
28,2,0.95681
29,1,0.98049
1,30,0.05746
2,29,0.09949
3,28,0.13841
4,27,0.17575
5,26,0.21203
6,25,0.24744
7,24,0.28243
8,23,0.31678
9,22,0.35075
10,21,0.38438
11,20,0.41759
12,19,0.45041
13,18,0.48274
14,17,0.5151
15,16,0.54736
16,15,0.57919
17,14,0.61068
18,13,0.64183
19,12,0.67266
20,11,0.70335
21,10,0.73361
22,9,0.76352
23,8,0.79303
24,7,0.82219
25,6,0.8508
26,5,0.87888
27,4,0.90623
28,3,0.93267
29,2,0.95783
30,1,0.98088
1,31,0.05511
2,30,0.09573
3,29,0.1334
4,28,0.16952
5,27,0.20467
6,26,0.23908
7,25,0.27296
8,24,0.3063
9,23,0.33918
10,22,0.37188
11,21,0.40415
12,20,0.43609
13,19,0.46764
14,18,0.49869
15,17,0.53026
16,16,0.5613
17,15,0.59197
18,14,0.62241
19,13,0.65246
20,12,0.68239
21,11,0.71202
22,10,0.74125
23,9,0.77027
24,8,0.79886
25,7,0.82707
26,6,0.85485
27,5,0.88207
28,4,0.90863
29,3,0.93432
30,2,0.95878
31,1,0.98125
1,32,0.05293
2,31,0.09221
3,30,0.12868
4,29,0.16367
5,28,0.19773
6,27,0.23117
7,26,0.26403
8,25,0.29643
9,24,0.32825
10,23,0.36012
11,22,0.39147
12,21,0.42256
13,20,0.45331
14,19,0.48361
15,18,0.51405
16,17,0.54437
17,16,0.57432
18,15,0.60398
19,14,0.63339
20,13,0.66239
21,12,0.69148
22,11,0.72016
23,10,0.74848
24,9,0.77661
25,8,0.80434
26,7,0.8317
27,6,0.85865
28,5,0.88508
29,4,0.91088
30,3,0.93586
31,2,0.95969
32,1,0.9816
1,33,0.05088
2,32,0.0889
3,31,0.12424
4,30,0.15821
5,29,0.19127
6,28,0.22372
7,27,0.2556
8,26,0.28711
9,25,0.31815
10,24,0.34899
11,23,0.37955
12,22,0.40978
13,21,0.43974
14,20,0.46936
15,19,0.49861
16,18,0.52831
17,17,0.55755
18,16,0.5865
19,15,0.61522
20,14,0.64367
21,13,0.6719
22,12,0.70001
23,11,0.7278
24,10,0.75531
25,9,0.78256
26,8,0.80949
27,7,0.83607
28,6,0.86224
29,5,0.88792
30,4,0.91302
31,3,0.93733
32,2,0.96054
33,1,0.98193
1,34,0.04896
2,33,0.0858
3,32,0.12007
4,31,0.15305
5,30,0.18518
6,29,0.21668
7,28,0.24762
8,27,0.2783
9,26,0.30854
10,25,0.33845
11,24,0.36823
12,23,0.39766
13,22,0.42687
14,21,0.45579
15,20,0.48429
16,19,0.51304
17,18,0.54163
18,17,0.56991
19,16,0.59794
20,15,0.62578
21,14,0.65329
22,13,0.68079
23,12,0.70802
24,11,0.73498
25,10,0.76172
26,9,0.78817
27,8,0.81435
28,7,0.84017
29,6,0.86562
30,5,0.89061
31,4,0.91503
32,3,0.93872
33,2,0.96135
34,1,0.98224
1,35,0.04716
2,34,0.08287
3,33,0.11615
4,32,0.14818
5,31,0.1794
6,30,0.21003
7,29,0.24014
8,28,0.26998
9,27,0.29943
10,26,0.32842
11,25,0.35752
12,24,0.38621
13,23,0.41467
14,22,0.44289
15,21,0.47081
16,20,0.49846
17,19,0.52649
18,18,0.55413
19,17,0.58154
20,16,0.60873
21,15,0.63571
22,14,0.66239
23,13,0.68916
24,12,0.71559
25,11,0.74171
26,10,0.76776
27,9,0.79344
28,8,0.81893
29,7,0.84406
30,6,0.86881
31,5,0.89315
32,4,0.91694
33,3,0.94004
34,2,0.96212
35,1,0.98254
1,36,0.04547
2,35,0.08012
3,34,0.11244
4,33,0.14357
5,32,0.17394
6,31,0.20373
7,30,0.23309
8,29,0.26209
9,28,0.29078
10,27,0.31909
11,26,0.34734
12,25,0.37534
13,24,0.40309
14,23,0.43062
15,22,0.45792
16,21,0.48483
17,20,0.51206
18,19,0.53911
19,18,0.5659
20,17,0.59245
21,16,0.61889
22,15,0.64507
23,14,0.6711
24,13,0.69704
25,12,0.72273
26,11,0.74817
27,10,0.77348
28,9,0.79849
29,8,0.82325
30,7,0.84772
31,6,0.87185
32,5,0.89556
33,4,0.91876
34,3,0.94128
35,2,0.96285
36,1,0.98282
1,37,0.04387
2,36,0.07752
3,35,0.10894
4,34,0.13921
5,33,0.16877
6,32,0.19775
7,31,0.22637
8,30,0.2546
9,29,0.28257
10,28,0.31023
11,27,0.33767
12,26,0.365
13,25,0.39204
14,24,0.41895
15,23,0.44562
16,22,0.47204
17,21,0.49825
18,20,0.52479
19,19,0.551
20,18,0.577
21,17,0.60283
22,16,0.62848
23,15,0.65385
24,14,0.6793
25,13,0.70449
26,12,0.72948
27,11,0.75427
28,10,0.77888
29,9,0.80325
30,8,0.82735
31,7,0.8512
32,6,0.87473
33,5,0.89785
34,4,0.92048
35,3,0.94247
36,2,0.96354
37,1,0.98309
1,38,0.04237
2,37,0.07506
3,36,0.10562
4,35,0.13509
5,34,0.16386
6,33,0.19209
7,32,0.21999
8,31,0.24747
9,30,0.27478
10,29,0.30177
11,28,0.32843
12,27,0.35517
13,26,0.38161
14,25,0.40785
15,24,0.4339
16,23,0.45976
17,22,0.48525
18,21,0.51111
19,20,0.53678
20,19,0.56222
21,18,0.58748
22,17,0.61261
23,16,0.63755
24,15,0.66226
25,14,0.68704
26,13,0.71156
27,12,0.73585
28,11,0.76004
29,10,0.78401
30,9,0.80776
31,8,0.83127
32,7,0.85452
33,6,0.87746
34,5,0.90002
35,4,0.92212
36,3,0.9436
37,2,0.96421
38,1,0.98335
1,39,0.04095
2,38,0.07273
3,37,0.10248
4,36,0.13119
5,35,0.1592
6,34,0.18676
7,33,0.21393
8,32,0.2407
9,31,0.26737
10,30,0.29372
11,29,0.31974
12,28,0.34581
13,27,0.37164
14,26,0.39726
15,25,0.42273
16,24,0.44802
17,23,0.47308
18,22,0.498
19,21,0.5232
20,20,0.54812
21,19,0.57286
22,18,0.59743
23,17,0.62188
24,16,0.64613
25,15,0.67029
26,14,0.69438
27,13,0.71826
28,12,0.7419
29,11,0.76552
30,10,0.78885
31,9,0.81205
32,8,0.83499
33,7,0.85767
34,6,0.88005
35,5,0.90209
36,4,0.92368
37,3,0.94468
38,2,0.96484
39,1,0.9836
1,40,0.0396
2,39,0.07052
3,38,0.09949
4,37,0.12747
5,36,0.1548
6,35,0.18166
7,34,0.20816
8,33,0.23434
9,32,0.26031
10,31,0.28604
11,30,0.31152
12,29,0.33686
13,28,0.36212
14,27,0.38715
15,26,0.41207
16,25,0.4368
17,24,0.46136
18,23,0.48557
19,22,0.5102
20,21,0.53462
21,20,0.55885
22,19,0.58292
23,18,0.60687
24,17,0.63066
25,16,0.65421
26,15,0.67789
27,14,0.70134
28,13,0.72462
29,12,0.74772
30,11,0.77072
31,10,0.79349
32,9,0.81613
33,8,0.83852
34,7,0.86067
35,6,0.88253
36,5,0.90406
37,4,0.92517
38,3,0.94571
39,2,0.96544
40,1,0.98383
1,41,0.03833
2,40,0.06843
3,39,0.09666
4,38,0.12393
5,37,0.15059
6,36,0.17681
7,35,0.20266
8,34,0.22824
9,33,0.25357
10,32,0.27871
11,31,0.30363
12,30,0.32831
13,29,0.35304
14,28,0.37754
15,27,0.40188
16,26,0.42608
17,25,0.45012
18,24,0.47396
19,23,0.49772
20,22,0.52171
21,21,0.54545
22,20,0.56904
23,19,0.59248
24,18,0.61582
25,17,0.639
26,16,0.66203
27,15,0.6851
28,14,0.70796
29,13,0.73067
30,12,0.75324
31,11,0.77568
32,10,0.79792
33,9,0.82
34,8,0.84189
35,7,0.86352
36,6,0.8849
37,5,0.90595
38,4,0.92659
39,3,0.94669
40,2,0.96602
41,1,0.98406
1,42,0.03712
2,41,0.06643
3,40,0.09395
4,39,0.12056
5,38,0.14658
6,37,0.17217
7,36,0.19741
8,35,0.22241
9,34,0.24713
10,33,0.27172
11,32,0.29609
12,31,0.32018
13,30,0.34436
14,29,0.36834
15,28,0.39213
16,27,0.41582
17,26,0.43937
18,25,0.46275
19,24,0.48581
20,23,0.50932
21,22,0.53261
22,21,0.55573
23,20,0.57873
24,19,0.60159
25,18,0.62434
26,17,0.64692
27,16,0.66949
28,15,0.69196
29,14,0.71427
30,13,0.73639
31,12,0.75849
32,11,0.7804
33,10,0.80214
34,9,0.82369
35,8,0.84509
36,7,0.86624
37,6,0.88716
38,5,0.90774
39,4,0.92795
40,3,0.94763
41,2,0.96658
42,1,0.98427
1,43,0.03597
2,42,0.06454
3,41,0.09139
4,40,0.11735
5,39,0.14276
6,38,0.16775
7,37,0.19239
8,36,0.21685
9,35,0.24096
10,34,0.26504
11,33,0.28887
12,32,0.3125
13,31,0.33605
14,30,0.35953
15,29,0.38283
16,28,0.40601
17,27,0.42907
18,26,0.45198
19,25,0.47471
20,24,0.49741
21,23,0.5203
22,22,0.54297
23,21,0.56552
24,20,0.58791
25,19,0.61026
26,18,0.63245
27,17,0.65443
28,16,0.67657
29,15,0.69849
30,14,0.72029
31,13,0.7419
32,12,0.7635
33,11,0.78489
34,10,0.80616
35,9,0.82724
36,8,0.84815
37,7,0.86886
38,6,0.88931
39,5,0.90946
40,4,0.92925
41,3,0.94854
42,2,0.96711
43,1,0.98448
1,44,0.03488
2,43,0.06274
3,42,0.08894
4,41,0.1143
5,40,0.13911
6,39,0.16353
7,38,0.18763
8,37,0.21152
9,36,0.23514
10,35,0.25866
11,34,0.28197
12,33,0.30511
13,32,0.32808
14,31,0.35109
15,30,0.37392
16,29,0.39661
17,28,0.41919
18,27,0.44165
19,26,0.46396
20,25,0.48599
21,24,0.50847
22,23,0.53073
23,22,0.55285
24,21,0.57484
25,20,0.59672
26,19,0.61852
27,18,0.64018
28,17,0.66173
29,16,0.68331
30,15,0.70473
31,14,0.72602
32,13,0.74719
33,12,0.76828
34,11,0.78917
35,10,0.81
36,9,0.83063
37,8,0.85109
38,7,0.87135
39,6,0.89137
40,5,0.91111
41,4,0.93049
42,3,0.9494
43,2,0.96762
44,1,0.98468
1,45,0.03384
2,44,0.06101
3,43,0.0866
4,42,0.11138
5,41,0.13561
6,40,0.15948
7,39,0.18308
8,38,0.20643
9,37,0.22957
10,36,0.25253
11,35,0.27535
12,34,0.29803
13,33,0.32045
14,32,0.34301
15,31,0.36537
16,30,0.38757
17,29,0.40973
18,28,0.43173
19,27,0.45363
20,26,0.47534
21,25,0.49708
22,24,0.51897
23,23,0.54067
24,22,0.56225
25,21,0.58371
26,20,0.60511
27,19,0.6264
28,18,0.64752
29,17,0.66868
30,16,0.68975
31,15,0.71069
32,14,0.73149
33,13,0.75223
34,12,0.77285
35,11,0.79331
36,10,0.81368
37,9,0.83387
38,8,0.8539
39,7,0.87374
40,6,0.89335
41,5,0.91269
42,4,0.93169
43,3,0.95023
44,2,0.96811
45,1,0.98488
1,46,0.03286
2,45,0.05937
3,44,0.08436
4,43,0.10858
5,42,0.13228
6,41,0.15563
7,40,0.17871
8,39,0.20155
9,38,0.2242
10,37,0.24666
11,36,0.26903
12,35,0.29123
13,34,0.31325
14,33,0.33525
15,32,0.35717
16,31,0.37896
17,30,0.40064
18,29,0.42222
19,28,0.44369
20,27,0.46503
21,26,0.48612
22,25,0.50765
23,24,0.52897
24,23,0.55015
25,22,0.57123
26,21,0.59221
27,20,0.61312
28,19,0.63392
29,18,0.65454
30,17,0.67532
31,16,0.69591
32,15,0.71639
33,14,0.73671
34,13,0.75704
35,12,0.77722
36,11,0.79726
37,10,0.81719
38,9,0.83697
39,8,0.85659
40,7,0.87602
41,6,0.89524
42,5,0.9142
43,4,0.93283
44,3,0.95102
45,2,0.96858
46,1,0.98506
1,47,0.03191
2,46,0.0578
3,45,0.08223
4,44,0.1059
5,43,0.1291
6,42,0.15195
7,41,0.17453
8,40,0.19688
9,39,0.21906
10,38,0.24102
11,37,0.26296
12,36,0.2847
13,35,0.30631
14,34,0.32778
15,33,0.3493
16,32,0.37066
17,31,0.3919
18,30,0.41307
19,29,0.43414
20,28,0.45509
21,27,0.47587
22,26,0.49673
23,25,0.5177
24,24,0.53851
25,23,0.5592
26,22,0.57981
27,21,0.60034
28,20,0.62078
29,19,0.64112
30,18,0.66137
31,17,0.68166
32,16,0.70179
33,15,0.72184
34,14,0.74176
35,13,0.76166
36,12,0.7814
37,11,0.80105
38,10,0.82055
39,9,0.83995
40,8,0.85917
41,7,0.87821
42,6,0.89706
43,5,0.91565
44,4,0.93393
45,3,0.95179
46,2,0.96904
47,1,0.98524
1,48,0.03101
2,47,0.0563
3,46,0.08018
4,45,0.10333
5,44,0.12604
6,43,0.14841
7,42,0.17051
8,41,0.19238
9,40,0.21413
10,39,0.23564
11,38,0.25712
12,37,0.27844
13,36,0.29962
14,35,0.3206
15,34,0.34173
16,33,0.36268
17,32,0.3835
18,31,0.40428
19,30,0.42495
20,29,0.44552
21,28,0.46597
22,27,0.48619
23,26,0.50685
24,25,0.5273
25,24,0.54763
26,23,0.56787
27,22,0.58801
28,21,0.60811
29,20,0.62812
30,19,0.64796
31,18,0.66789
32,17,0.68772
33,16,0.70744
34,15,0.72707
35,14,0.7466
36,13,0.76607
37,12,0.7854
38,11,0.80467
39,10,0.82378
40,9,0.84279
41,8,0.86164
42,7,0.88032
43,6,0.8988
44,5,0.91705
45,4,0.93498
46,3,0.95252
47,2,0.96947
48,1,0.98541
1,49,0.03015
2,48,0.05486
3,47,0.07822
4,46,0.10088
5,45,0.12311
6,44,0.14501
7,43,0.16666
8,42,0.18807
9,41,0.20938
10,40,0.2305
11,39,0.25152
12,38,0.27241
13,37,0.29319
14,36,0.3138
15,35,0.33445
16,34,0.35501
17,33,0.37546
18,32,0.39582
19,31,0.4161
20,30,0.4363
21,29,0.4564
22,28,0.47632
23,27,0.49638
24,26,0.5165
25,25,0.53648
26,24,0.55636
27,23,0.57617
28,22,0.5959
29,21,0.61556
30,20,0.63513
31,19,0.65457
32,18,0.67413
33,17,0.69354
34,16,0.71286
35,15,0.73205
36,14,0.75124
37,13,0.77031
38,12,0.78925
39,11,0.80815
40,10,0.8269
41,9,0.84552
42,8,0.86401
43,7,0.88235
44,6,0.90048
45,5,0.91839
46,4,0.936
47,3,0.95322
48,2,0.96989
49,1,0.98558
1,50,0.02933
2,49,0.05349
3,48,0.07634
4,47,0.09853
5,46,0.12029
6,45,0.14174
7,44,0.16295
8,43,0.18396
9,42,0.20483
10,41,0.22554
11,40,0.24612
12,39,0.26663
13,38,0.28701
14,37,0.30726
15,36,0.32743
16,35,0.34763
17,34,0.3677
18,33,0.38766
19,32,0.40759
20,31,0.42742
21,30,0.44716
22,29,0.4668
23,28,0.48624
24,27,0.50608
25,26,0.52573
26,25,0.54527
27,24,0.56474
28,23,0.5841
29,22,0.60346
30,21,0.62271
31,20,0.64186
32,19,0.66098
33,18,0.68011
34,17,0.69911
35,16,0.71805
36,15,0.73685
37,14,0.75569
38,13,0.77438
39,12,0.79297
40,11,0.81149
41,10,0.82989
42,9,0.84816
43,8,0.8663
44,7,0.88429
45,6,0.9021
46,5,0.91968
47,4,0.93698
48,3,0.9539
49,2,0.9703
50,1,0.98574
1,51,0.02855
2,50,0.05216
3,49,0.07454
4,48,0.09627
5,47,0.11758
6,46,0.1386
7,45,0.15939
8,44,0.18
9,43,0.20045
10,42,0.22076
11,41,0.24092
12,40,0.26106
13,39,0.28105
14,38,0.30093
15,37,0.32066
16,36,0.34052
17,35,0.36022
18,34,0.37983
19,33,0.39939
20,32,0.41886
21,31,0.43825
22,30,0.45756
23,29,0.47669
24,28,0.49601
25,27,0.51535
26,26,0.53457
27,25,0.5537
28,24,0.57277
29,23,0.59176
30,22,0.61069
31,21,0.62956
32,20,0.64828
33,19,0.66711
34,18,0.68584
35,17,0.70448
36,16,0.72304
37,15,0.74151
38,14,0.75996
39,13,0.77829
40,12,0.79654
41,11,0.8147
42,10,0.83276
43,9,0.8507
44,8,0.8685
45,7,0.88616
46,6,0.90365
47,5,0.92092
48,4,0.93792
49,3,0.95455
50,2,0.97069
51,1,0.98589
1,52,0.02779
2,51,0.0509
3,50,0.0728
4,49,0.09409
5,48,0.11497
6,47,0.13558
7,46,0.15595
8,45,0.17618
9,44,0.19623
10,43,0.21616
11,42,0.23592
12,41,0.25569
13,40,0.27531
14,39,0.29484
15,38,0.31421
16,37,0.33366
17,36,0.35302
18,35,0.37229
19,34,0.39147
20,33,0.4106
21,32,0.42966
22,31,0.44864
23,30,0.46752
24,29,0.48625
25,28,0.50533
26,27,0.52424
27,26,0.54305
28,25,0.5618
29,24,0.58046
30,23,0.5991
31,22,0.61766
32,21,0.63614
33,20,0.65452
34,19,0.673
35,18,0.69136
36,17,0.70964
37,16,0.72783
38,15,0.74598
39,14,0.76406
40,13,0.78204
41,12,0.79997
42,11,0.81778
43,10,0.83552
44,9,0.85313
45,8,0.87062
46,7,0.88796
47,6,0.90514
48,5,0.92212
49,4,0.93883
50,3,0.95518
51,2,0.97106
52,1,0.98605
1,53,0.02707
2,52,0.04968
3,51,0.07114
4,50,0.092
5,49,0.11248
6,48,0.13267
7,47,0.15267
8,46,0.1725
9,45,0.19216
10,44,0.21173
11,43,0.23114
12,42,0.25052
13,41,0.26978
14,40,0.28896
15,39,0.30802
16,38,0.32704
17,37,0.34607
18,36,0.365
19,35,0.38382
20,34,0.40264
21,33,0.42137
22,32,0.44003
23,31,0.4586
24,30,0.47701
25,29,0.49563
26,28,0.51425
27,27,0.53277
28,26,0.5512
29,25,0.56957
30,24,0.58787
31,23,0.60614
32,22,0.62434
33,21,0.64244
34,20,0.66055
35,19,0.67865
36,18,0.69665
37,17,0.71459
38,16,0.73242
39,15,0.75027
40,14,0.76802
41,13,0.78565
42,12,0.80327
43,11,0.82075
44,10,0.83818
45,9,0.85548
46,8,0.87266
47,7,0.8897
48,6,0.90658
49,5,0.92327
50,4,0.9397
51,3,0.95579
52,2,0.97142
53,1,0.98619
1,54,0.02637
2,53,0.04851
3,52,0.06953
4,51,0.08998
5,50,0.11007
6,49,0.12988
7,48,0.1495
8,47,0.16895
9,46,0.18823
10,45,0.20746
11,44,0.22654
12,43,0.24552
13,42,0.26446
14,41,0.28329
15,40,0.30203
16,39,0.32064
17,38,0.33936
18,37,0.35796
19,36,0.37649
20,35,0.39495
21,34,0.41336
22,33,0.4317
23,32,0.44998
24,31,0.46815
25,30,0.48622
26,29,0.50459
27,28,0.52282
28,27,0.54096
29,26,0.55903
30,25,0.57704
31,24,0.59501
32,23,0.61293
33,22,0.63077
34,21,0.64849
35,20,0.66634
36,19,0.68409
37,18,0.70176
38,17,0.71936
39,16,0.73687
40,15,0.7544
41,14,0.77182
42,13,0.78916
43,12,0.80645
44,11,0.82363
45,10,0.84074
46,9,0.85774
47,8,0.87462
48,7,0.89138
49,6,0.90797
50,5,0.92438
51,4,0.94055
52,3,0.95638
53,2,0.97176
54,1,0.98633
1,55,0.0257
2,54,0.04739
3,53,0.06799
4,52,0.08805
5,51,0.10775
6,50,0.1272
7,49,0.14645
8,48,0.16554
9,47,0.18447
10,46,0.20334
11,45,0.22208
12,44,0.2407
13,43,0.25931
14,42,0.27781
15,41,0.29622
16,40,0.3145
17,39,0.33289
18,38,0.35117
19,37,0.36938
20,36,0.38752
21,35,0.40562
22,34,0.42366
23,33,0.44163
24,32,0.45953
25,31,0.47726
26,30,0.49524
27,29,0.5132
28,28,0.53105
29,27,0.54884
30,26,0.56657
31,25,0.58422
32,24,0.60188
33,23,0.61945
34,22,0.63696
35,21,0.6544
36,20,0.67191
37,19,0.68933
38,18,0.70668
39,17,0.72396
40,16,0.74118
41,15,0.75838
42,14,0.77549
43,13,0.79253
44,12,0.80951
45,11,0.8264
46,10,0.8432
47,9,0.85992
48,8,0.87652
49,7,0.893
50,6,0.90932
51,5,0.92545
52,4,0.94136
53,3,0.95695
54,2,0.9721
55,1,0.98647
1,56,0.02506
2,55,0.0463
3,54,0.06651
4,53,0.08618
5,52,0.10551
6,51,0.1246
7,50,0.1435
8,49,0.16224
9,48,0.18085
10,47,0.19936
11,46,0.21777
12,45,0.23604
13,44,0.25434
14,43,0.27252
15,42,0.29062
16,41,0.30862
17,40,0.32662
18,39,0.34461
19,38,0.36251
20,37,0.38033
21,36,0.39814
22,35,0.41588
23,34,0.43357
24,33,0.45118
25,32,0.4687
26,31,0.48616
27,30,0.50388
28,29,0.52147
29,28,0.53897
30,27,0.55642
31,26,0.57382
32,25,0.59117
33,24,0.60848
34,23,0.62574
35,22,0.64289
36,21,0.6601
37,20,0.67728
38,19,0.69437
39,18,0.71141
40,17,0.72837
41,16,0.74532
42,15,0.76221
43,14,0.77902
44,13,0.79578
45,12,0.81247
46,11,0.82907
47,10,0.84559
48,9,0.86202
49,8,0.87835
50,7,0.89455
51,6,0.91061
52,5,0.92649
53,4,0.94215
54,3,0.9575
55,2,0.97242
56,1,0.9866
1,57,0.02444
2,56,0.04526
3,55,0.06508
4,54,0.08438
5,53,0.10335
6,52,0.12209
7,51,0.14065
8,50,0.15905
9,49,0.17734
10,48,0.19552
11,47,0.21361
12,46,0.23157
13,45,0.24954
14,44,0.2674
15,43,0.2852
16,42,0.30292
17,41,0.32055
18,40,0.33826
19,39,0.35587
20,38,0.37342
21,37,0.39091
22,36,0.40835
23,35,0.42575
24,34,0.4431
25,33,0.46037
26,32,0.47747
27,31,0.49485
28,30,0.51218
29,29,0.52942
30,28,0.54661
31,27,0.56373
32,26,0.58079
33,25,0.59786
34,24,0.61486
35,23,0.6318
36,22,0.64862
37,21,0.66558
38,20,0.68244
39,19,0.69924
40,18,0.71598
41,17,0.73262
42,16,0.74932
43,15,0.76592
44,14,0.78242
45,13,0.79892
46,12,0.81531
47,11,0.83165
48,10,0.8479
49,9,0.86406
50,8,0.88012
51,7,0.89606
52,6,0.91186
53,5,0.92749
54,4,0.94291
55,3,0.95803
56,2,0.97273
57,1,0.98673
1,58,0.02385
2,57,0.04425
3,56,0.06369
4,55,0.08264
5,54,0.10127
6,53,0.11967
7,52,0.1379
8,51,0.15597
9,50,0.17395
10,49,0.1918
11,48,0.20959
12,47,0.22726
13,46,0.24489
14,45,0.26247
15,44,0.27997
16,43,0.29739
17,42,0.31469
18,41,0.33212
19,40,0.34945
20,39,0.3667
21,38,0.3839
22,37,0.40108
23,36,0.4182
24,35,0.43526
25,34,0.45227
26,33,0.46918
27,32,0.48608
28,31,0.50318
29,30,0.52017
30,29,0.53709
31,28,0.55396
32,27,0.57078
33,26,0.58756
34,25,0.6043
35,24,0.621
36,23,0.63763
37,22,0.65422
38,21,0.67087
39,20,0.68743
40,19,0.70394
41,18,0.72039
42,17,0.73677
43,16,0.75317
44,15,0.76949
45,14,0.78572
46,13,0.80194
47,12,0.81806
48,11,0.83414
49,10,0.85013
50,9,0.86602
51,8,0.88183
52,7,0.89751
53,6,0.91307
54,5,0.92846
55,4,0.94364
56,3,0.95854
57,2,0.97303
58,1,0.98685
1,59,0.02328
2,58,0.04328
3,57,0.06236
4,56,0.08096
5,55,0.09925
6,54,0.11733
7,53,0.13524
8,52,0.15299
9,51,0.17066
10,50,0.1882
11,49,0.20569
12,48,0.22309
13,47,0.24039
14,46,0.25769
15,45,0.27489
16,44,0.29204
17,43,0.30908
18,42,0.32616
19,41,0.34322
20,40,0.36021
21,39,0.37713
22,38,0.39403
23,37,0.41087
24,36,0.42768
25,35,0.44443
26,34,0.46111
27,33,0.47763
28,32,0.49445
29,31,0.5112
30,30,0.52787
31,29,0.54449
32,28,0.56106
33,27,0.57757
34,26,0.59407
35,25,0.61053
36,24,0.62692
37,23,0.64323
38,22,0.65962
39,21,0.67597
40,20,0.69224
41,19,0.70847
42,18,0.72464
43,17,0.74078
44,16,0.75689
45,15,0.77294
46,14,0.78892
47,13,0.80486
48,12,0.82073
49,11,0.83654
50,10,0.85228
51,9,0.86792
52,8,0.88348
53,7,0.89892
54,6,0.91424
55,5,0.92939
56,4,0.94435
57,3,0.95904
58,2,0.97332
59,1,0.98697
1,60,0.02273
2,59,0.04234
3,58,0.06107
4,57,0.07934
5,56,0.09731
6,55,0.11507
7,54,0.13266
8,53,0.15012
9,52,0.16749
10,51,0.18472
11,50,0.20193
12,49,0.21903
13,48,0.23603
14,47,0.25306
15,46,0.26998
16,45,0.28686
17,44,0.30365
18,43,0.32039
19,42,0.3372
20,41,0.35391
21,40,0.37058
22,39,0.38719
23,38,0.40378
24,37,0.42032
25,36,0.43681
26,35,0.45325
27,34,0.46959
28,33,0.48596
29,32,0.5025
30,31,0.51893
31,30,0.5353
32,29,0.55162
33,28,0.56791
34,27,0.58414
35,26,0.60036
36,25,0.61653
37,24,0.63265
38,23,0.64868
39,22,0.66483
40,21,0.68089
41,20,0.69689
42,19,0.71285
43,18,0.72873
44,17,0.74465
45,16,0.76049
46,15,0.77627
47,14,0.792
48,13,0.80769
49,12,0.82331
50,11,0.83886
51,10,0.85436
52,9,0.86976
53,8,0.88507
54,7,0.90028
55,6,0.91536
56,5,0.9303
57,4,0.94503
58,3,0.95952
59,2,0.9736
60,1,0.98709
1,61,0.02219
2,60,0.04144
3,59,0.05983
4,58,0.07777
5,57,0.09543
6,56,0.11288
7,55,0.13017
8,54,0.14735
9,53,0.16442
10,52,0.18137
11,51,0.19829
12,50,0.21511
13,49,0.23182
14,48,0.24857
15,47,0.26523
16,46,0.28183
17,45,0.29837
18,44,0.31479
19,43,0.33135
20,42,0.34782
21,41,0.36422
22,40,0.38056
23,39,0.39691
24,38,0.41319
25,37,0.42944
26,36,0.44563
27,35,0.46177
28,34,0.47776
29,33,0.49404
30,32,0.51025
31,31,0.52639
32,30,0.54247
33,29,0.55852
34,28,0.57451
35,27,0.5905
36,26,0.60643
37,25,0.62233
38,24,0.63816
39,23,0.654
40,22,0.66986
41,21,0.68565
42,20,0.70139
43,19,0.71709
44,18,0.73271
45,17,0.74838
46,16,0.76397
47,15,0.77948
48,14,0.79499
49,13,0.81042
50,12,0.8258
51,11,0.84111
52,10,0.85636
53,9,0.87154
54,8,0.88661
55,7,0.9016
56,6,0.91646
57,5,0.93118
58,4,0.94569
59,3,0.95999
60,2,0.97387
61,1,0.98721
1,62,0.02168
2,61,0.04056
3,60,0.05862
4,59,0.07625
5,58,0.09361
6,57,0.11076
7,56,0.12776
8,55,0.14466
9,54,0.16144
10,53,0.17813
11,52,0.19476
12,51,0.21131
13,50,0.22777
14,49,0.24423
15,48,0.26063
16,47,0.27696
17,46,0.29324
18,45,0.30943
19,44,0.32568
20,43,0.3419
21,42,0.35806
22,41,0.37416
23,40,0.39024
24,39,0.40627
25,38,0.42228
26,37,0.43824
27,36,0.45414
28,35,0.46994
29,34,0.48582
30,33,0.50182
31,32,0.51773
32,31,0.53359
33,30,0.54939
34,29,0.56518
35,28,0.5809
36,27,0.59663
37,26,0.6123
38,25,0.62794
39,24,0.64348
40,23,0.65912
41,22,0.67472
42,21,0.69025
43,20,0.70574
44,19,0.72118
45,18,0.73659
46,17,0.75199
47,16,0.76733
48,15,0.7826
49,14,0.79787
50,13,0.81306
51,12,0.82821
52,11,0.84329
53,10,0.85831
54,9,0.87325
55,8,0.88811
56,7,0.90287
57,6,0.91752
58,5,0.93202
59,4,0.94634
60,3,0.96044
61,2,0.97413
62,1,0.98732
1,63,0.02119
2,62,0.03972
3,61,0.05746
4,60,0.07478
5,59,0.09184
6,58,0.10871
7,57,0.12544
8,56,0.14205
9,55,0.15855
10,54,0.17498
11,53,0.19133
12,52,0.20762
13,51,0.22384
14,50,0.24001
15,49,0.25616
16,48,0.27224
17,47,0.28828
18,46,0.30423
19,45,0.32018
20,44,0.33616
21,43,0.35207
22,42,0.36795
23,41,0.38376
24,40,0.39957
25,39,0.41533
26,38,0.43105
27,37,0.44673
28,36,0.46235
29,35,0.47785
30,34,0.49363
31,33,0.50933
32,32,0.52496
33,31,0.54055
34,30,0.5561
35,29,0.57161
36,28,0.5871
37,27,0.60256
38,26,0.61798
39,25,0.63336
40,24,0.64867
41,23,0.66408
42,22,0.67941
43,21,0.69469
44,20,0.70995
45,19,0.72513
46,18,0.74033
47,17,0.75548
48,16,0.77059
49,15,0.78563
50,14,0.80066
51,13,0.81561
52,12,0.83055
53,11,0.8454
54,10,0.86019
55,9,0.87492
56,8,0.88956
57,7,0.90411
58,6,0.91854
59,5,0.93285
60,4,0.94696
61,3,0.96087
62,2,0.97438
63,1,0.98743
1,64,0.02071
2,63,0.0389
3,62,0.05633
4,61,0.07336
5,60,0.09013
6,59,0.10673
7,58,0.12318
8,57,0.13952
9,56,0.15576
10,55,0.17193
11,54,0.18801
12,53,0.20405
13,52,0.22002
14,51,0.23592
15,50,0.25183
16,49,0.26766
17,48,0.28345
18,47,0.29919
19,46,0.31483
20,45,0.33059
21,44,0.34627
22,43,0.3619
23,42,0.37747
24,41,0.39306
25,40,0.40858
26,39,0.42408
27,38,0.43954
28,37,0.45495
29,36,0.47024
30,35,0.48566
31,34,0.50116
32,33,0.51658
33,32,0.53195
34,31,0.54728
35,30,0.56258
36,29,0.57783
37,28,0.59309
38,27,0.6083
39,26,0.62347
40,25,0.63858
41,24,0.65372
42,23,0.66887
43,22,0.68396
44,21,0.69901
45,20,0.71402
46,19,0.72896
47,18,0.74394
48,17,0.75886
49,16,0.77373
50,15,0.78857
51,14,0.80337
52,13,0.8181
53,12,0.83281
54,11,0.84744
55,10,0.86202
56,9,0.87653
57,8,0.89097
58,7,0.9053
59,6,0.91954
60,5,0.93364
61,4,0.94757
62,3,0.96129
63,2,0.97463
64,1,0.98753
1,65,0.02025
2,64,0.03811
3,63,0.05523
4,62,0.07197
5,61,0.08847
6,60,0.1048
7,59,0.12099
8,58,0.13706
9,57,0.15304
10,56,0.16896
11,55,0.18478
12,54,0.20058
13,53,0.21631
14,52,0.23194
15,51,0.24762
16,50,0.26321
17,49,0.27876
18,48,0.29427
19,47,0.30967
20,46,0.32518
21,45,0.34063
22,44,0.35604
23,43,0.37139
24,42,0.38673
25,41,0.40203
26,40,0.41731
27,39,0.43254
28,38,0.44773
29,37,0.46286
30,36,0.4779
31,35,0.49321
32,34,0.50843
33,33,0.52359
34,32,0.53871
35,31,0.5538
36,30,0.56885
37,29,0.58388
38,28,0.59889
39,27,0.61386
40,26,0.62879
41,25,0.64364
42,24,0.65861
43,23,0.67351
44,22,0.68836
45,21,0.70318
46,20,0.71796
47,19,0.73269
48,18,0.74744
49,17,0.76214
50,16,0.77678
51,15,0.79141
52,14,0.80599
53,13,0.82051
54,12,0.83499
55,11,0.84942
56,10,0.86379
57,9,0.8781
58,8,0.89233
59,7,0.90646
60,6,0.9205
61,5,0.93441
62,4,0.94816
63,3,0.96169
64,2,0.97487
65,1,0.98764
1,66,0.0198
2,65,0.03734
3,64,0.05417
4,63,0.07064
5,62,0.08687
6,61,0.10293
7,60,0.11886
8,59,0.13469
9,58,0.1504
10,57,0.16608
11,56,0.18165
12,55,0.19722
13,54,0.2127
14,53,0.2281
15,52,0.24353
16,51,0.2589
17,50,0.27422
18,49,0.28949
19,48,0.30469
20,47,0.31992
21,46,0.33516
22,45,0.35034
23,44,0.36548
24,43,0.38057
25,42,0.39567
26,41,0.41072
27,40,0.42574
28,39,0.44072
29,38,0.45567
30,37,0.47049
31,36,0.48547
32,35,0.5005
33,34,0.51546
34,33,0.53038
35,32,0.54525
36,31,0.56011
37,30,0.57491
38,29,0.58973
39,28,0.6045
40,27,0.61924
41,26,0.63393
42,25,0.6486
43,24,0.66333
44,23,0.678
45,22,0.69262
46,21,0.70722
47,20,0.72177
48,19,0.73631
49,18,0.75084
50,17,0.76532
51,16,0.77973
52,15,0.79416
53,14,0.80852
54,13,0.82284
55,12,0.83711
56,11,0.85134
57,10,0.86551
58,9,0.87961
59,8,0.89364
60,7,0.90758
61,6,0.92144
62,5,0.93515
63,4,0.94873
64,3,0.96209
65,2,0.9751
66,1,0.98774
1,67,0.01937
2,66,0.0366
3,65,0.05315
4,64,0.06934
5,63,0.08531
6,62,0.10111
7,61,0.11679
8,60,0.13237
9,59,0.14785
10,58,0.16329
11,57,0.17863
12,56,0.19395
13,55,0.2092
14,54,0.22438
15,53,0.23956
16,52,0.25471
17,51,0.2698
18,50,0.28485
19,49,0.29985
20,48,0.3148
21,47,0.32984
22,46,0.3448
23,45,0.35972
24,44,0.3746
25,43,0.38948
26,42,0.40431
27,41,0.41913
28,40,0.43391
29,39,0.44864
30,38,0.46331
31,37,0.47793
32,36,0.49279
33,35,0.50755
34,34,0.52227
35,33,0.53695
36,32,0.5516
37,31,0.56622
38,30,0.58081
39,29,0.59539
40,28,0.60994
41,27,0.62446
42,26,0.63889
43,25,0.65341
44,24,0.6679
45,23,0.68235
46,22,0.69676
47,21,0.71114
48,20,0.72546
49,19,0.73982
50,18,0.75413
51,17,0.7684
52,16,0.78261
53,15,0.79682
54,14,0.81098
55,13,0.8251
56,12,0.83917
57,11,0.8532
58,10,0.86717
59,9,0.88108
60,8,0.89492
61,7,0.90868
62,6,0.92234
63,5,0.93588
64,4,0.94928
65,3,0.96246
66,2,0.97532
67,1,0.98783
1,68,0.01895
2,67,0.03588
3,66,0.05215
4,65,0.06808
5,64,0.0838
6,63,0.09935
7,62,0.11479
8,61,0.13012
9,60,0.14538
10,59,0.16057
11,58,0.17569
12,57,0.19077
13,56,0.2058
14,55,0.22077
15,54,0.2357
16,53,0.25063
17,52,0.2655
18,51,0.28034
19,50,0.29514
20,49,0.30984
21,48,0.32466
22,47,0.33941
23,46,0.35413
24,45,0.3688
25,44,0.38346
26,43,0.39809
27,42,0.4127
28,41,0.42727
29,40,0.44181
30,39,0.45631
31,38,0.4707
32,37,0.48527
33,36,0.49985
34,35,0.51438
35,34,0.52886
36,33,0.54331
37,32,0.55774
38,31,0.57213
39,30,0.58653
40,29,0.60088
41,28,0.61521
42,27,0.6295
43,26,0.64373
44,25,0.65806
45,24,0.67234
46,23,0.68657
47,22,0.70077
48,21,0.71495
49,20,0.72905
50,19,0.74322
51,18,0.75732
52,17,0.77138
53,16,0.7854
54,15,0.79941
55,14,0.81336
56,13,0.82729
57,12,0.84117
58,11,0.855
59,10,0.86878
60,9,0.88251
61,8,0.89616
62,7,0.90974
63,6,0.92322
64,5,0.93658
65,4,0.94982
66,3,0.96283
67,2,0.97554
68,1,0.98793
1,69,0.01855
2,68,0.03517
3,67,0.05118
4,66,0.06686
5,65,0.08233
6,64,0.09764
7,63,0.11284
8,62,0.12794
9,61,0.14297
10,60,0.15793
11,59,0.17283
12,58,0.18768
13,57,0.20249
14,56,0.21725
15,55,0.23194
16,54,0.24667
17,53,0.26132
18,52,0.27595
19,51,0.29054
20,50,0.30505
21,49,0.31962
22,48,0.33417
23,47,0.34868
24,46,0.36316
25,45,0.37759
26,44,0.39204
27,43,0.40643
28,42,0.42081
29,41,0.43516
30,40,0.44947
31,39,0.4637
32,38,0.47793
33,37,0.49235
34,36,0.50669
35,35,0.52099
36,34,0.53526
37,33,0.54949
38,32,0.5637
39,31,0.57788
40,30,0.59206
41,29,0.60621
42,28,0.62032
43,27,0.63438
44,26,0.64846
45,25,0.66258
46,24,0.67663
47,23,0.69066
48,22,0.70466
49,21,0.71862
50,20,0.73256
51,19,0.74651
52,18,0.76041
53,17,0.77426
54,16,0.78811
55,15,0.80192
56,14,0.81568
57,13,0.82942
58,12,0.84311
59,11,0.85675
60,10,0.87035
61,9,0.88389
62,8,0.89736
63,7,0.91076
64,6,0.92407
65,5,0.93726
66,4,0.95033
67,3,0.96319
68,2,0.97575
69,1,0.98802
1,70,0.01815
2,69,0.03449
3,68,0.05024
4,67,0.06567
5,66,0.0809
6,65,0.09597
7,64,0.11094
8,63,0.12582
9,62,0.14063
10,61,0.15537
11,60,0.17005
12,59,0.18467
13,58,0.19927
14,57,0.21382
15,56,0.22829
16,55,0.24281
17,54,0.25726
18,53,0.27168
19,52,0.28606
20,51,0.30039
21,50,0.31471
22,49,0.32907
23,48,0.34339
24,47,0.35766
25,46,0.3719
26,45,0.38614
27,44,0.40034
28,43,0.41452
29,42,0.42868
30,41,0.4428
31,40,0.45687
32,39,0.47086
33,38,0.48504
34,37,0.49921
35,36,0.51332
36,35,0.5274
37,34,0.54145
38,33,0.55548
39,32,0.56947
40,31,0.58346
41,30,0.59743
42,29,0.61137
43,28,0.62528
44,27,0.63912
45,26,0.65305
46,25,0.66695
47,24,0.68081
48,23,0.69463
49,22,0.70844
50,21,0.72219
51,20,0.73596
52,19,0.74971
53,18,0.76342
54,17,0.77707
55,16,0.79074
56,15,0.80436
57,14,0.81794
58,13,0.83149
59,12,0.84499
60,11,0.85845
61,10,0.87187
62,9,0.88523
63,8,0.89853
64,7,0.91176
65,6,0.92489
66,5,0.93792
67,4,0.95084
68,3,0.96353
69,2,0.97595
70,1,0.98811
1,71,0.01777
2,70,0.03383
3,69,0.04932
4,68,0.06451
5,67,0.07951
6,66,0.09436
7,65,0.1091
8,64,0.12375
9,63,0.13835
10,62,0.15287
11,61,0.16734
12,60,0.18174
13,59,0.19614
14,58,0.21048
15,57,0.22475
16,56,0.23905
17,55,0.25331
18,54,0.26752
19,53,0.2817
20,52,0.29585
21,51,0.30992
22,50,0.3241
23,49,0.33822
24,48,0.35231
25,47,0.36636
26,46,0.38039
27,45,0.39441
28,44,0.4084
29,43,0.42237
30,42,0.4363
31,41,0.45021
32,40,0.46403
33,39,0.4779
34,38,0.49191
35,37,0.50585
36,36,0.51975
37,35,0.53362
38,34,0.54746
39,33,0.56129
40,32,0.57508
41,31,0.58888
42,30,0.60264
43,29,0.61638
44,28,0.63008
45,27,0.64375
46,26,0.6575
47,25,0.67119
48,24,0.68485
49,23,0.69849
50,22,0.7121
51,21,0.72565
52,20,0.73926
53,19,0.75281
54,18,0.76633
55,17,0.7798
56,16,0.79329
57,15,0.80672
58,14,0.82012
59,13,0.83349
60,12,0.84682
61,11,0.86011
62,10,0.87335
63,9,0.88654
64,8,0.89966
65,7,0.91273
66,6,0.92569
67,5,0.93857
68,4,0.95132
69,3,0.96386
70,2,0.97615
71,1,0.9882
1,72,0.01739
2,71,0.03318
3,70,0.04844
4,69,0.06339
5,68,0.07816
6,67,0.09278
7,66,0.10731
8,65,0.12175
9,64,0.13613
10,63,0.15043
11,62,0.1647
12,61,0.17889
13,60,0.1931
14,59,0.20723
15,58,0.22131
16,57,0.23539
17,56,0.24946
18,55,0.26347
19,54,0.27746
20,53,0.29142
21,52,0.3053
22,51,0.31926
23,50,0.3332
24,49,0.34709
25,48,0.36096
26,47,0.37479
27,46,0.38863
28,45,0.40243
29,44,0.41621
30,43,0.42997
31,42,0.4437
32,41,0.45737
33,40,0.47098
34,39,0.48478
35,38,0.49856
36,37,0.51229
37,36,0.52598
38,35,0.53965
39,34,0.5533
40,33,0.56692
41,32,0.58054
42,31,0.59413
43,30,0.6077
44,29,0.62125
45,28,0.63473
46,27,0.64827
47,26,0.66181
48,25,0.67531
49,24,0.68878
50,23,0.70223
51,22,0.71565
52,21,0.72904
53,20,0.74245
54,19,0.75582
55,18,0.76915
56,17,0.78247
57,16,0.79576
58,15,0.80901
59,14,0.82225
60,13,0.83543
61,12,0.8486
62,11,0.86171
63,10,0.87478
64,9,0.8878
65,8,0.90077
66,7,0.91366
67,6,0.92647
68,5,0.9392
69,4,0.95179
70,3,0.96418
71,2,0.97635
72,1,0.98829
1,73,0.01703
2,72,0.03256
3,71,0.04757
4,70,0.06229
5,69,0.07684
6,68,0.09125
7,67,0.10556
8,66,0.1198
9,65,0.13396
10,64,0.14806
11,63,0.16213
12,62,0.17613
13,61,0.19012
14,60,0.20407
15,59,0.21796
16,58,0.23183
17,57,0.2457
18,56,0.25953
19,55,0.27333
20,54,0.2871
21,53,0.3008
22,52,0.31454
23,51,0.3283
24,50,0.34201
25,49,0.35569
26,48,0.36934
27,47,0.383
28,46,0.39662
29,45,0.41022
30,44,0.4238
31,43,0.43735
32,42,0.45087
33,41,0.46431
34,40,0.47783
35,39,0.49145
36,38,0.50501
37,37,0.51854
38,36,0.53204
39,35,0.54551
40,34,0.55897
41,33,0.57239
42,32,0.58583
43,31,0.59923
44,30,0.61261
45,29,0.62596
46,28,0.63926
47,27,0.65265
48,26,0.666
49,25,0.67931
50,24,0.6926
51,23,0.70587
52,22,0.7191
53,21,0.73233
54,20,0.74556
55,19,0.75875
56,18,0.7719
57,17,0.78505
58,16,0.79817
59,15,0.81124
60,14,0.82431
61,13,0.83732
62,12,0.85032
63,11,0.86327
64,10,0.87617
65,9,0.88903
66,8,0.90184
67,7,0.91457
68,6,0.92723
69,5,0.9398
70,4,0.95225
71,3,0.96449
72,2,0.97654
73,1,0.98837
1,74,0.01668
2,73,0.03195
3,72,0.04673
4,71,0.06123
5,70,0.07555
6,69,0.08976
7,68,0.10386
8,67,0.11789
9,66,0.13186
10,65,0.14576
11,64,0.15963
12,63,0.17344
13,62,0.18723
14,61,0.20098
15,60,0.21469
16,59,0.22835
17,58,0.24205
18,57,0.25569
19,56,0.2693
20,55,0.28288
21,54,0.29642
22,53,0.30994
23,52,0.32352
24,51,0.33706
25,50,0.35056
26,49,0.36404
27,48,0.3775
28,47,0.39095
29,46,0.40437
30,45,0.41778
31,44,0.43116
32,43,0.44452
33,42,0.45781
34,41,0.47106
35,40,0.48451
36,39,0.49791
37,38,0.51127
38,37,0.5246
39,36,0.53791
40,35,0.5512
41,34,0.56447
42,33,0.57772
43,32,0.59097
44,31,0.60419
45,30,0.61739
46,29,0.63053
47,28,0.6437
48,27,0.6569
49,26,0.67006
50,25,0.6832
51,24,0.69631
52,23,0.70941
53,22,0.72245
54,21,0.73553
55,20,0.74857
56,19,0.76159
57,18,0.77457
58,17,0.78755
59,16,0.8005
60,15,0.81341
61,14,0.82631
62,13,0.83916
63,12,0.85199
64,11,0.86478
65,10,0.87752
66,9,0.89023
67,8,0.90288
68,7,0.91545
69,6,0.92796
70,5,0.94039
71,4,0.95269
72,3,0.9648
73,2,0.97672
74,1,0.98845
1,75,0.01633
2,74,0.03136
3,73,0.04591
4,72,0.06019
5,71,0.0743
6,70,0.0883
7,69,0.10221
8,68,0.11604
9,67,0.1298
10,66,0.14351
11,65,0.15719
12,64,0.17081
13,63,0.18441
14,62,0.19797
15,61,0.2115
16,60,0.22497
17,59,0.23848
18,58,0.25194
19,57,0.26537
20,56,0.27877
21,55,0.29215
22,54,0.30546
23,53,0.31886
24,52,0.33222
25,51,0.34555
26,50,0.35886
27,49,0.37213
28,48,0.38542
29,47,0.39867
30,46,0.4119
31,45,0.42512
32,44,0.43831
33,43,0.45146
34,42,0.46454
35,41,0.47773
36,40,0.49098
37,39,0.50418
38,38,0.51736
39,37,0.5305
40,36,0.54362
41,35,0.55674
42,34,0.56981
43,33,0.5829
44,32,0.59596
45,31,0.609
46,30,0.62202
47,29,0.63498
48,28,0.64801
49,27,0.66103
50,26,0.67402
51,25,0.68697
52,24,0.69992
53,23,0.71283
54,22,0.72572
55,21,0.73863
56,20,0.75151
57,19,0.76436
58,18,0.77717
59,17,0.78999
60,16,0.80277
61,15,0.81552
62,14,0.82825
63,13,0.84095
64,12,0.85362
65,11,0.86625
66,10,0.87884
67,9,0.89139
68,8,0.90388
69,7,0.91631
70,6,0.92868
71,5,0.94096
72,4,0.95311
73,3,0.96509
74,2,0.9769
75,1,0.98853
1,76,0.01599
2,75,0.03078
3,74,0.04511
4,73,0.05918
5,72,0.07309
6,71,0.08689
7,70,0.10059
8,69,0.11423
9,68,0.1278
10,67,0.14132
11,66,0.15481
12,65,0.16825
13,64,0.18165
14,63,0.19504
15,62,0.20839
16,61,0.22168
17,60,0.235
18,59,0.24828
19,58,0.26153
20,57,0.27477
21,56,0.28797
22,55,0.30111
23,54,0.31432
24,53,0.32751
25,52,0.34067
26,51,0.35381
27,50,0.36691
28,49,0.38002
29,48,0.39311
30,47,0.40617
31,46,0.41922
32,45,0.43224
33,44,0.44525
34,43,0.45818
35,42,0.47111
36,41,0.48421
37,40,0.49726
38,39,0.51028
39,38,0.52326
40,37,0.53623
41,36,0.54918
42,35,0.5621
43,34,0.57502
44,33,0.58793
45,32,0.60081
46,31,0.61368
47,30,0.62651
48,29,0.63932
49,28,0.6522
50,27,0.66505
51,26,0.67786
52,25,0.69065
53,24,0.70343
54,23,0.71616
55,22,0.72891
56,21,0.74165
57,20,0.75436
58,19,0.76704
59,18,0.7797
60,17,0.79236
61,16,0.80497
62,15,0.81757
63,14,0.83014
64,13,0.84269
65,12,0.8552
66,11,0.86767
67,10,0.88012
68,9,0.89252
69,8,0.90486
70,7,0.91714
71,6,0.92937
72,5,0.94152
73,4,0.95352
74,3,0.96537
75,2,0.97707
76,1,0.98861
1,77,0.01567
2,76,0.03022
3,75,0.04432
4,74,0.05819
5,73,0.0719
6,72,0.0855
7,71,0.09901
8,70,0.11246
9,69,0.12585
10,68,0.13918
11,67,0.15249
12,66,0.16575
13,65,0.17896
14,64,0.19218
15,63,0.20535
16,62,0.21847
17,61,0.2316
18,60,0.24471
19,59,0.25779
20,58,0.27085
21,57,0.28389
22,56,0.29687
23,55,0.30987
24,54,0.32291
25,53,0.3359
26,52,0.34887
27,51,0.36182
28,50,0.37475
29,49,0.38768
30,48,0.40058
31,47,0.41347
32,46,0.42633
33,45,0.43918
34,44,0.45197
35,43,0.46472
36,42,0.4776
37,41,0.4905
38,40,0.50336
39,39,0.5162
40,38,0.52901
41,37,0.54179
42,36,0.55457
43,35,0.56732
44,34,0.58008
45,33,0.59281
46,32,0.60553
47,31,0.61823
48,30,0.63088
49,29,0.64357
50,28,0.65628
51,27,0.66894
52,26,0.68159
53,25,0.69422
54,24,0.70683
55,23,0.7194
56,22,0.732
57,21,0.74458
58,20,0.75713
59,19,0.76964
60,18,0.78216
61,17,0.79466
62,16,0.80711
63,15,0.81957
64,14,0.83198
65,13,0.84438
66,12,0.85674
67,11,0.86907
68,10,0.88136
69,9,0.89361
70,8,0.90581
71,7,0.91796
72,6,0.93005
73,5,0.94205
74,4,0.95392
75,3,0.96565
76,2,0.97724
77,1,0.98869
1,78,0.01535
2,77,0.02967
3,76,0.04356
4,75,0.05723
5,74,0.07074
6,73,0.08415
7,72,0.09748
8,71,0.11073
9,70,0.12394
10,69,0.1371
11,68,0.15022
12,67,0.16331
13,66,0.17634
14,65,0.18938
15,64,0.20238
16,63,0.21534
17,62,0.22828
18,61,0.24123
19,60,0.25414
20,59,0.26704
21,58,0.27991
22,57,0.29273
23,56,0.30553
24,55,0.31841
25,54,0.33125
26,53,0.34405
27,52,0.35684
28,51,0.3696
29,50,0.38237
30,49,0.39511
31,48,0.40784
32,47,0.42055
33,46,0.43324
34,45,0.4459
35,44,0.4585
36,43,0.47113
37,42,0.48389
38,41,0.49661
39,40,0.50929
40,39,0.52194
41,38,0.53458
42,37,0.54721
43,36,0.55982
44,35,0.57241
45,34,0.585
46,33,0.59757
47,32,0.61012
48,31,0.62264
49,30,0.63513
50,29,0.6477
51,28,0.66023
52,27,0.67274
53,26,0.68522
54,25,0.6977
55,24,0.71014
56,23,0.72256
57,22,0.73501
58,21,0.74743
59,20,0.75982
60,19,0.77218
61,18,0.78456
62,17,0.79689
63,16,0.8092
64,15,0.82151
65,14,0.83377
66,13,0.84602
67,12,0.85823
68,11,0.87042
69,10,0.88257
70,9,0.89467
71,8,0.90673
72,7,0.91875
73,6,0.9307
74,5,0.94256
75,4,0.9543
76,3,0.96592
77,2,0.97741
78,1,0.98877
1,79,0.01503
2,78,0.02914
3,77,0.04281
4,76,0.05629
5,75,0.06961
6,74,0.08283
7,73,0.09597
8,72,0.10905
9,71,0.12207
10,70,0.13506
11,69,0.148
12,68,0.16092
13,67,0.17378
14,66,0.18665
15,65,0.19948
16,64,0.21228
17,63,0.22504
18,62,0.23783
19,61,0.25058
20,60,0.26331
21,59,0.27601
22,58,0.28869
23,57,0.30131
24,56,0.31402
25,55,0.3267
26,54,0.33935
27,53,0.35198
28,52,0.36458
29,51,0.37719
30,50,0.38977
31,49,0.40235
32,48,0.4149
33,47,0.42744
34,46,0.43996
35,45,0.45241
36,44,0.46485
37,43,0.47743
38,42,0.49
39,41,0.50254
40,40,0.51505
41,39,0.52754
42,38,0.54001
43,37,0.55248
44,36,0.56491
45,35,0.57736
46,34,0.58978
47,33,0.60219
48,32,0.61459
49,31,0.62693
50,30,0.6393
51,29,0.65171
52,28,0.66408
53,27,0.67642
54,26,0.68876
55,25,0.70107
56,24,0.71336
57,23,0.72565
58,22,0.73794
59,21,0.7502
60,20,0.76244
61,19,0.77466
62,18,0.78688
63,17,0.79907
64,16,0.81124
65,15,0.82339
66,14,0.83551
67,13,0.84761
68,12,0.85969
69,11,0.87173
70,10,0.88374
71,9,0.8957
72,8,0.90763
73,7,0.91951
74,6,0.93134
75,5,0.94306
76,4,0.95468
77,3,0.96618
78,2,0.97757
79,1,0.98884
1,80,0.01473
2,79,0.02862
3,78,0.04209
4,77,0.05537
5,76,0.0685
6,75,0.08153
7,74,0.0945
8,73,0.1074
9,72,0.12025
10,71,0.13307
11,70,0.14584
12,69,0.15859
13,68,0.17128
14,67,0.18398
15,66,0.19664
16,65,0.20928
17,64,0.22187
18,63,0.2345
19,62,0.24709
20,61,0.25966
21,60,0.2722
22,59,0.28473
23,58,0.2972
24,57,0.30972
25,56,0.32225
26,55,0.33475
27,54,0.34722
28,53,0.35967
29,52,0.37212
30,51,0.38456
31,50,0.39697
32,49,0.40938
33,48,0.42176
34,47,0.43414
35,46,0.44647
36,45,0.45875
37,44,0.47111
38,43,0.48354
39,42,0.49594
40,41,0.50831
41,40,0.52065
42,39,0.53298
43,38,0.5453
44,37,0.5576
45,36,0.56988
46,35,0.58217
47,34,0.59444
48,33,0.60669
49,32,0.61892
50,31,0.63111
51,30,0.64336
52,29,0.65561
53,28,0.66782
54,27,0.68001
55,26,0.69219
56,25,0.70436
57,24,0.71648
58,23,0.72864
59,22,0.74078
60,21,0.7529
61,20,0.76498
62,19,0.77707
63,18,0.78914
64,17,0.80118
65,16,0.81321
66,15,0.82522
67,14,0.8372
68,13,0.84916
69,12,0.8611
70,11,0.87301
71,10,0.88487
72,9,0.89671
73,8,0.9085
74,7,0.92026
75,6,0.93195
76,5,0.94354
77,4,0.95504
78,3,0.96643
79,2,0.97772
80,1,0.98891
1,81,0.01443
2,80,0.02811
3,79,0.04138
4,78,0.05446
5,77,0.06742
6,76,0.08027
7,75,0.09307
8,74,0.1058
9,73,0.11847
10,72,0.13112
11,71,0.14372
12,70,0.15631
13,69,0.16884
14,68,0.18137
15,67,0.19388
16,66,0.20636
17,65,0.21878
18,64,0.23125
19,63,0.24368
20,62,0.25609
21,61,0.26848
22,60,0.28086
23,59,0.29318
24,58,0.30552
25,57,0.3179
26,56,0.33025
27,55,0.34257
28,54,0.35488
29,53,0.36716
30,52,0.37946
31,51,0.39172
32,50,0.40398
33,49,0.41622
34,48,0.42845
35,47,0.44064
36,46,0.45279
37,45,0.46494
38,44,0.47722
39,43,0.48948
40,42,0.50171
41,41,0.51391
42,40,0.5261
43,39,0.53828
44,38,0.55044
45,37,0.56257
46,36,0.57472
47,35,0.58685
48,34,0.59897
49,33,0.61107
50,32,0.62313
51,31,0.63519
52,30,0.64731
53,29,0.65939
54,28,0.67146
55,27,0.6835
56,26,0.69554
57,25,0.70755
58,24,0.71954
59,23,0.73156
60,22,0.74355
61,21,0.75552
62,20,0.76746
63,19,0.77941
64,18,0.79134
65,17,0.80324
66,16,0.81513
67,15,0.82699
68,14,0.83884
69,13,0.85067
70,12,0.86247
71,11,0.87424
72,10,0.88598
73,9,0.89768
74,8,0.90935
75,7,0.92098
76,6,0.93254
77,5,0.94401
78,4,0.95539
79,3,0.96668
80,2,0.97788
81,1,0.98898
1,82,0.01414
2,81,0.02761
3,80,0.04068
4,79,0.05358
5,78,0.06636
6,77,0.07904
7,76,0.09166
8,75,0.10422
9,74,0.11674
10,73,0.12922
11,72,0.14165
12,71,0.15408
13,70,0.16645
14,69,0.17882
15,68,0.19116
16,67,0.20349
17,66,0.21577
18,65,0.22806
19,64,0.24035
20,63,0.2526
21,62,0.26484
22,61,0.27707
23,60,0.28925
24,59,0.30142
25,58,0.31365
26,57,0.32585
27,56,0.33802
28,55,0.35018
29,54,0.36232
30,53,0.37446
31,52,0.38658
32,51,0.3987
33,50,0.41079
34,49,0.42288
35,48,0.43494
36,47,0.44696
37,46,0.45895
38,45,0.47104
39,44,0.48316
40,43,0.49525
41,42,0.50732
42,41,0.51937
43,40,0.5314
44,39,0.54343
45,38,0.55544
46,37,0.56743
47,36,0.57943
48,35,0.5914
49,34,0.60338
50,33,0.61532
51,32,0.62723
52,31,0.63919
53,30,0.65115
54,29,0.66308
55,28,0.675
56,27,0.6869
57,26,0.69879
58,25,0.71065
59,24,0.72252
60,23,0.7344
61,22,0.74624
62,21,0.75807
63,20,0.76987
64,19,0.78169
65,18,0.79348
66,17,0.80524
67,16,0.817
68,15,0.82872
69,14,0.84045
70,13,0.85214
71,12,0.86381
72,11,0.87544
73,10,0.88705
74,9,0.89863
75,8,0.91018
76,7,0.92168
77,6,0.93311
78,5,0.94446
79,4,0.95573
80,3,0.96692
81,2,0.97802
82,1,0.98905
1,83,0.01386
2,82,0.02712
3,81,0.04
4,80,0.05272
5,79,0.06532
6,78,0.07783
7,77,0.09028
8,76,0.10268
9,75,0.11503
10,74,0.12735
11,73,0.13962
12,72,0.15189
13,71,0.16412
14,70,0.17632
15,69,0.18851
16,68,0.20069
17,67,0.21281
18,66,0.22495
19,65,0.23708
20,64,0.24919
21,63,0.26128
22,62,0.27336
23,61,0.28539
24,60,0.29741
25,59,0.30949
26,58,0.32154
27,57,0.33357
28,56,0.34559
29,55,0.35758
30,54,0.36957
31,53,0.38156
32,52,0.39353
33,51,0.40548
34,50,0.41743
35,49,0.42936
36,48,0.44124
37,47,0.4531
38,46,0.46498
39,45,0.47698
40,44,0.48894
41,43,0.50087
42,42,0.51278
43,41,0.52468
44,40,0.53657
45,39,0.54845
46,38,0.5603
47,37,0.57216
48,36,0.584
49,35,0.59584
50,34,0.60766
51,33,0.61945
52,32,0.63123
53,31,0.64307
54,30,0.65488
55,29,0.66667
56,28,0.67844
57,27,0.69021
58,26,0.70195
59,25,0.71367
60,24,0.72542
61,23,0.73715
62,22,0.74886
63,21,0.76054
64,20,0.77223
65,19,0.7839
66,18,0.79555
67,17,0.80718
68,16,0.81881
69,15,0.83041
70,14,0.842
71,13,0.85356
72,12,0.8651
73,11,0.87661
74,10,0.88809
75,9,0.89955
76,8,0.91098
77,7,0.92235
78,6,0.93366
79,5,0.94489
80,4,0.95606
81,3,0.96715
82,2,0.97817
83,1,0.98912
1,84,0.01359
2,83,0.02663
3,82,0.03934
4,81,0.05187
5,80,0.0643
6,79,0.07665
7,78,0.08893
8,77,0.10117
9,76,0.11336
10,75,0.12553
11,74,0.13764
12,73,0.14975
13,72,0.16183
14,71,0.17387
15,70,0.18592
16,69,0.19794
17,68,0.20992
18,67,0.2219
19,66,0.23389
20,65,0.24585
21,64,0.25779
22,63,0.26973
23,62,0.28162
24,61,0.29349
25,60,0.30541
26,59,0.31732
27,58,0.32922
28,57,0.34109
29,56,0.35295
30,55,0.36479
31,54,0.37664
32,53,0.38846
33,52,0.40028
34,51,0.41209
35,50,0.42388
36,49,0.43564
37,48,0.44737
38,47,0.45909
39,46,0.47092
40,45,0.48275
41,44,0.49455
42,43,0.50633
43,42,0.5181
44,41,0.52985
45,40,0.5416
46,39,0.55332
47,38,0.56504
48,37,0.57676
49,36,0.58846
50,35,0.60016
51,34,0.61183
52,33,0.62347
53,32,0.63515
54,31,0.64684
55,30,0.65851
56,29,0.67016
57,28,0.6818
58,27,0.69343
59,26,0.70503
60,25,0.71663
61,24,0.72824
62,23,0.73983
63,22,0.75141
64,21,0.76296
65,20,0.77452
66,19,0.78606
67,18,0.79757
68,17,0.80908
69,16,0.82057
70,15,0.83205
71,14,0.84351
72,13,0.85494
73,12,0.86635
74,11,0.87774
75,10,0.88911
76,9,0.90045
77,8,0.91175
78,7,0.923
79,6,0.93419
80,5,0.94531
81,4,0.95637
82,3,0.96737
83,2,0.97831
84,1,0.98919
1,85,0.01332
2,84,0.02616
3,83,0.03869
4,82,0.05104
5,81,0.06331
6,80,0.07549
7,79,0.08762
8,78,0.09969
9,77,0.11173
10,76,0.12374
11,75,0.1357
12,74,0.14765
13,73,0.15958
14,72,0.17148
15,71,0.18338
16,70,0.19525
17,69,0.20708
18,68,0.21891
19,67,0.23076
20,66,0.24258
21,65,0.25438
22,64,0.26617
23,63,0.27793
24,62,0.28966
25,61,0.30141
26,60,0.31319
27,59,0.32495
28,58,0.33668
29,57,0.3484
30,56,0.3601
31,55,0.37181
32,54,0.38351
33,53,0.39518
34,52,0.40686
35,51,0.41852
36,50,0.43015
37,49,0.44175
38,48,0.45334
39,47,0.46498
40,46,0.47669
41,45,0.48836
42,44,0.50001
43,43,0.51165
44,42,0.52327
45,41,0.53488
46,40,0.54649
47,39,0.55807
48,38,0.56966
49,37,0.58123
50,36,0.59281
51,35,0.60436
52,34,0.61588
53,33,0.6274
54,32,0.63896
55,31,0.65051
56,30,0.66204
57,29,0.67355
58,28,0.68507
59,27,0.69656
60,26,0.70802
61,25,0.7195
62,24,0.73098
63,23,0.74244
64,22,0.75388
65,21,0.7653
66,20,0.77673
67,19,0.78814
68,18,0.79953
69,17,0.81092
70,16,0.82229
71,15,0.83365
72,14,0.84497
73,13,0.85628
74,12,0.86757
75,11,0.87885
76,10,0.8901
77,9,0.90132
78,8,0.9125
79,7,0.92363
80,6,0.9347
81,5,0.94572
82,4,0.95668
83,3,0.9676
84,2,0.97845
85,1,0.98925
1,86,0.01305
2,85,0.02569
3,84,0.03805
4,83,0.05023
5,82,0.06233
6,81,0.07435
7,80,0.08632
8,79,0.09824
9,78,0.11012
10,77,0.12198
11,76,0.1338
12,75,0.1456
13,74,0.15738
14,73,0.16913
15,72,0.18088
16,71,0.19261
17,70,0.20431
18,69,0.21599
19,68,0.22769
20,67,0.23937
21,66,0.25102
22,65,0.26268
23,64,0.2743
24,63,0.28589
25,62,0.2975
26,61,0.30914
27,60,0.32076
28,59,0.33236
29,58,0.34395
30,57,0.35551
31,56,0.36709
32,55,0.37865
33,54,0.39019
34,53,0.40173
35,52,0.41326
36,51,0.42477
37,50,0.43624
38,49,0.4477
39,48,0.45918
40,47,0.47074
41,46,0.48229
42,45,0.49382
43,44,0.50533
44,43,0.51683
45,42,0.52831
46,41,0.53979
47,40,0.55124
48,39,0.5627
49,38,0.57415
50,37,0.5856
51,36,0.59703
52,35,0.60843
53,34,0.61982
54,33,0.63124
55,32,0.64267
56,31,0.65408
57,30,0.66548
58,29,0.67686
59,28,0.68824
60,27,0.69959
61,26,0.71093
62,25,0.7223
63,24,0.73364
64,23,0.74498
65,22,0.75628
66,21,0.76759
67,20,0.77889
68,19,0.79018
69,18,0.80145
70,17,0.81272
71,16,0.82396
72,15,0.83518
73,14,0.84639
74,13,0.85758
75,12,0.86876
76,11,0.87992
77,10,0.89106
78,9,0.90216
79,8,0.91322
80,7,0.92423
81,6,0.93519
82,5,0.94611
83,4,0.95698
84,3,0.96781
85,2,0.97859
86,1,0.98932
1,87,0.01279
2,86,0.02523
3,85,0.03742
4,84,0.04944
5,83,0.06136
6,82,0.07323
7,81,0.08505
8,80,0.09681
9,79,0.10854
10,78,0.12025
11,77,0.13192
12,76,0.14358
13,75,0.15522
14,74,0.16682
15,73,0.17843
16,72,0.19002
17,71,0.20158
18,70,0.21312
19,69,0.22468
20,68,0.23622
21,67,0.24774
22,66,0.25926
23,65,0.27075
24,64,0.28221
25,63,0.29367
26,62,0.30517
27,61,0.31666
28,60,0.32812
29,59,0.33958
30,58,0.35101
31,57,0.36245
32,56,0.37388
33,55,0.38529
34,54,0.3967
35,53,0.40811
36,52,0.41949
37,51,0.43084
38,50,0.44217
39,49,0.4535
40,48,0.46492
41,47,0.47634
42,46,0.48774
43,45,0.49913
44,44,0.5105
45,43,0.52185
46,42,0.53321
47,41,0.54454
48,40,0.55588
49,39,0.56721
50,38,0.57852
51,37,0.58984
52,36,0.60113
53,35,0.6124
54,34,0.62367
55,33,0.63498
56,32,0.64628
57,31,0.65756
58,30,0.66882
59,29,0.68008
60,28,0.69132
61,27,0.70255
62,26,0.71378
63,25,0.72502
64,24,0.73624
65,23,0.74744
66,22,0.75862
67,21,0.76981
68,20,0.78099
69,19,0.79215
70,18,0.80331
71,17,0.81445
72,16,0.82557
73,15,0.83667
74,14,0.84777
75,13,0.85885
76,12,0.86991
77,11,0.88096
78,10,0.89198
79,9,0.90296
80,8,0.91391
81,7,0.92481
82,6,0.93567
83,5,0.94649
84,4,0.95728
85,3,0.96802
86,2,0.97872
87,1,0.98938
1,88,0.01254
2,87,0.02478
3,86,0.0368
4,85,0.04866
5,84,0.06042
6,83,0.07213
7,82,0.08379
8,81,0.09541
9,80,0.107
10,79,0.11856
11,78,0.13008
12,77,0.1416
13,76,0.15309
14,75,0.16456
15,74,0.17603
16,73,0.18748
17,72,0.1989
18,71,0.2103
19,70,0.22172
20,69,0.23313
21,68,0.24451
22,67,0.2559
23,66,0.26725
24,65,0.27859
25,64,0.28991
26,63,0.30128
27,62,0.31263
28,61,0.32397
29,60,0.33529
30,59,0.3466
31,58,0.35791
32,57,0.36921
33,56,0.38049
34,55,0.39177
35,54,0.40305
36,53,0.4143
37,52,0.42553
38,51,0.43675
39,50,0.44795
40,49,0.45921
41,48,0.47051
42,47,0.48178
43,46,0.49305
44,45,0.5043
45,44,0.51553
46,43,0.52676
47,42,0.53798
48,41,0.54919
49,40,0.56039
50,39,0.57159
51,38,0.58278
52,37,0.59396
53,36,0.60512
54,35,0.61626
55,34,0.62744
56,33,0.63862
57,32,0.64978
58,31,0.66093
59,30,0.67207
60,29,0.68321
61,28,0.69432
62,27,0.70543
63,26,0.71655
64,25,0.72765
65,24,0.73875
66,23,0.74983
67,22,0.7609
68,21,0.77198
69,20,0.78304
70,19,0.79407
71,18,0.80511
72,17,0.81612
73,16,0.82714
74,15,0.83813
75,14,0.84911
76,13,0.86008
77,12,0.87104
78,11,0.88197
79,10,0.89287
80,9,0.90373
81,8,0.91457
82,7,0.92537
83,6,0.93613
84,5,0.94686
85,4,0.95756
86,3,0.96822
87,2,0.97885
88,1,0.98944
1,89,0.01229
2,88,0.02433
3,87,0.03618
4,86,0.04789
5,85,0.05949
6,84,0.07105
7,83,0.08256
8,82,0.09403
9,81,0.10548
10,80,0.1169
11,79,0.12828
12,78,0.13965
13,77,0.151
14,76,0.16233
15,75,0.17367
16,74,0.18498
17,73,0.19627
18,72,0.20753
19,71,0.21882
20,70,0.23009
21,69,0.24134
22,68,0.2526
23,67,0.26382
24,66,0.27502
25,65,0.28622
26,64,0.29745
27,63,0.30868
28,62,0.31988
29,61,0.33108
30,60,0.34227
31,59,0.35344
32,58,0.36461
33,57,0.37577
34,56,0.38693
35,55,0.39809
36,54,0.40922
37,53,0.42033
38,52,0.43142
39,51,0.4425
40,50,0.4536
41,49,0.46478
42,48,0.47594
43,47,0.48708
44,46,0.49821
45,45,0.50933
46,44,0.52043
47,43,0.53153
48,42,0.54262
49,41,0.5537
50,40,0.56478
51,39,0.57586
52,38,0.58692
53,37,0.59797
54,36,0.60899
55,35,0.62003
56,34,0.63109
57,33,0.64215
58,32,0.65319
59,31,0.66422
60,30,0.67524
61,29,0.68625
62,28,0.69723
63,27,0.70823
64,26,0.71923
65,25,0.73022
66,24,0.74119
67,23,0.75215
68,22,0.76312
69,21,0.77408
70,20,0.78501
71,19,0.79594
72,18,0.80685
73,17,0.81776
74,16,0.82865
75,15,0.83954
76,14,0.85042
77,13,0.86128
78,12,0.87212
79,11,0.88293
80,10,0.89372
81,9,0.90448
82,8,0.91521
83,7,0.92591
84,6,0.93658
85,5,0.94722
86,4,0.95783
87,3,0.96842
88,2,0.97897
89,1,0.9895
1,90,0.01205
2,89,0.02389
3,88,0.03557
4,87,0.04713
5,86,0.05859
6,85,0.06998
7,84,0.08134
8,83,0.09267
9,82,0.10397
10,81,0.11526
11,80,0.1265
12,79,0.13774
13,78,0.14895
14,77,0.16014
15,76,0.17134
16,75,0.18252
17,74,0.19368
18,73,0.20481
19,72,0.21597
20,71,0.2271
21,70,0.23823
22,69,0.24935
23,68,0.26045
24,67,0.27152
25,66,0.28259
26,65,0.29369
27,64,0.30479
28,63,0.31587
29,62,0.32694
30,61,0.33801
31,60,0.34905
32,59,0.3601
33,58,0.37114
34,57,0.38218
35,56,0.3932
36,55,0.40421
37,54,0.4152
38,53,0.42618
39,52,0.43714
40,51,0.44812
41,50,0.45916
42,49,0.4702
43,48,0.48122
44,47,0.49223
45,46,0.50323
46,45,0.51421
47,44,0.5252
48,43,0.53617
49,42,0.54713
50,41,0.5581
51,40,0.56906
52,39,0.58001
53,38,0.59094
54,37,0.60186
55,36,0.61277
56,35,0.62371
57,34,0.63466
58,33,0.64559
59,32,0.6565
60,31,0.66741
61,30,0.67831
62,29,0.68919
63,28,0.70006
64,27,0.71095
65,26,0.72184
66,25,0.73271
67,24,0.74357
68,23,0.75442
69,22,0.76527
70,21,0.7761
71,20,0.78692
72,19,0.79774
73,18,0.80854
74,17,0.81934
75,16,0.83013
76,15,0.84091
77,14,0.85168
78,13,0.86243
79,12,0.87315
80,11,0.88386
81,10,0.89453
82,9,0.90519
83,8,0.91582
84,7,0.92643
85,6,0.93701
86,5,0.94757
87,4,0.9581
88,3,0.96861
89,2,0.9791
90,1,0.98956
1,91,0.01182
2,90,0.02346
3,89,0.03497
4,88,0.04637
5,87,0.05769
6,86,0.06894
7,85,0.08015
8,84,0.09133
9,83,0.10249
10,82,0.11363
11,81,0.12474
12,80,0.13585
13,79,0.14693
14,78,0.15798
15,77,0.16905
16,76,0.1801
17,75,0.19112
18,74,0.20213
19,73,0.21316
20,72,0.22417
21,71,0.23517
22,70,0.24615
23,69,0.25712
24,68,0.26808
25,67,0.27902
26,66,0.28999
27,65,0.30097
28,64,0.31193
29,63,0.32288
30,62,0.33381
31,61,0.34473
32,60,0.35566
33,59,0.36658
34,58,0.3775
35,57,0.38841
36,56,0.39929
37,55,0.41017
38,54,0.42103
39,53,0.43187
40,52,0.44273
41,51,0.45363
42,50,0.46455
43,49,0.47545
44,48,0.48635
45,47,0.49724
46,46,0.50811
47,45,0.51898
48,44,0.52983
49,43,0.54067
50,42,0.55152
51,41,0.56237
52,40,0.57321
53,39,0.58403
54,38,0.59484
55,37,0.60564
56,36,0.61646
57,35,0.62729
58,34,0.63811
59,33,0.64891
60,32,0.65971
61,31,0.6705
62,30,0.68128
63,29,0.69205
64,28,0.70282
65,27,0.71361
66,26,0.72437
67,25,0.73513
68,24,0.74586
69,23,0.75661
70,22,0.76734
71,21,0.77806
72,20,0.78878
73,19,0.79948
74,18,0.81019
75,17,0.82088
76,16,0.83156
77,15,0.84224
78,14,0.85289
79,13,0.86353
80,12,0.87414
81,11,0.88474
82,10,0.89532
83,9,0.90587
84,8,0.91641
85,7,0.92693
86,6,0.93743
87,5,0.9479
88,4,0.95836
89,3,0.9688
90,2,0.97922
91,1,0.98962
1,92,0.01159
2,91,0.02303
3,90,0.03437
4,89,0.04562
5,88,0.05679
6,87,0.0679
7,86,0.07897
8,85,0.09001
9,84,0.10103
10,83,0.11203
11,82,0.12301
12,81,0.13398
13,80,0.14493
14,79,0.15586
15,78,0.16679
16,77,0.1777
17,76,0.1886
18,75,0.19949
19,74,0.21038
20,73,0.22127
21,72,0.23215
22,71,0.24301
23,70,0.25386
24,69,0.26469
25,68,0.27551
26,67,0.28635
27,66,0.2972
28,65,0.30804
29,64,0.31887
30,63,0.32968
31,62,0.34048
32,61,0.35129
33,60,0.3621
34,59,0.37289
35,58,0.38368
36,57,0.39444
37,56,0.4052
38,55,0.41594
39,54,0.42669
40,53,0.43742
41,52,0.4482
42,51,0.459
43,50,0.46979
44,49,0.48057
45,48,0.49133
46,47,0.5021
47,46,0.51285
48,45,0.52359
49,44,0.53432
50,43,0.54507
51,42,0.5558
52,41,0.56653
53,40,0.57724
54,39,0.58794
55,38,0.59863
56,37,0.60932
57,36,0.62004
58,35,0.63075
59,34,0.64145
60,33,0.65215
61,32,0.66283
62,31,0.67351
63,30,0.68417
64,29,0.69483
65,28,0.70551
66,27,0.71617
67,26,0.72682
68,25,0.73745
69,24,0.74809
70,23,0.75872
71,22,0.76934
72,21,0.77996
73,20,0.79057
74,19,0.80118
75,18,0.81178
76,17,0.82237
77,16,0.83294
78,15,0.8435
79,14,0.85405
80,13,0.86458
81,12,0.87509
82,11,0.88558
83,10,0.89607
84,9,0.90653
85,8,0.91698
86,7,0.92741
87,6,0.93783
88,5,0.94823
89,4,0.95861
90,3,0.96898
91,2,0.97934
92,1,0.98968
1,93,0.01136
2,92,0.02261
3,91,0.03378
4,90,0.04487
5,89,0.0559
6,88,0.06687
7,87,0.07781
8,86,0.0887
9,85,0.09958
10,84,0.11044
11,83,0.12129
12,82,0.13213
13,81,0.14295
14,80,0.15376
15,79,0.16457
16,78,0.17535
17,77,0.18612
18,76,0.19687
19,75,0.20764
20,74,0.2184
21,73,0.22916
22,72,0.2399
23,71,0.25062
24,70,0.26133
25,69,0.27204
26,68,0.28276
27,67,0.29349
28,66,0.30421
29,65,0.31491
30,64,0.3256
31,63,0.33629
32,62,0.34699
33,61,0.35768
34,60,0.36835
35,59,0.37902
36,58,0.38967
37,57,0.40032
38,56,0.41095
39,55,0.42157
40,54,0.4322
41,53,0.44284
42,52,0.45353
43,51,0.46421
44,50,0.47487
45,49,0.48553
46,48,0.49618
47,47,0.50682
48,46,0.51745
49,45,0.52807
50,44,0.53871
51,43,0.54933
52,42,0.55994
53,41,0.57054
54,40,0.58113
55,39,0.59172
56,38,0.60231
57,37,0.61291
58,36,0.62351
59,35,0.63411
60,34,0.6447
61,33,0.65528
62,32,0.66585
63,31,0.67641
64,30,0.68696
65,29,0.69753
66,28,0.70809
67,27,0.71863
68,26,0.72917
69,25,0.7397
70,24,0.75024
71,23,0.76077
72,22,0.77129
73,21,0.78181
74,20,0.79232
75,19,0.80282
76,18,0.81331
77,17,0.82379
78,16,0.83425
79,15,0.84471
80,14,0.85515
81,13,0.86557
82,12,0.87599
83,11,0.88639
84,10,0.89678
85,9,0.90716
86,8,0.91752
87,7,0.92788
88,6,0.93822
89,5,0.94854
90,4,0.95886
91,3,0.96916
92,2,0.97945
93,1,0.98973
1,94,0.01114
2,93,0.0222
3,92,0.03319
4,91,0.04412
5,90,0.055
6,89,0.06584
7,88,0.07664
8,87,0.08741
9,86,0.09815
10,85,0.10887
11,84,0.11959
12,83,0.1303
13,82,0.14098
14,81,0.15167
15,80,0.16235
16,79,0.17301
17,78,0.18365
18,77,0.19429
19,76,0.20494
20,75,0.21558
21,74,0.2262
22,73,0.23681
23,72,0.24741
24,71,0.25801
25,70,0.2686
26,69,0.27921
27,68,0.28982
28,67,0.30042
29,66,0.311
30,65,0.32158
31,64,0.33216
32,63,0.34274
33,62,0.35331
34,61,0.36386
35,60,0.37441
36,59,0.38494
37,58,0.39547
38,57,0.40599
39,56,0.41652
40,55,0.42704
41,54,0.43758
42,53,0.44815
43,52,0.45871
44,51,0.46926
45,50,0.47981
46,49,0.49034
47,48,0.50087
48,47,0.51139
49,46,0.52191
50,45,0.53243
51,44,0.54294
52,43,0.55344
53,42,0.56394
54,41,0.57443
55,40,0.58492
56,39,0.5954
57,38,0.60589
58,37,0.61639
59,36,0.62688
60,35,0.63736
61,34,0.64783
62,33,0.6583
63,32,0.66875
64,31,0.6792
65,30,0.68967
66,29,0.70012
67,28,0.71057
68,27,0.72101
69,26,0.73145
70,25,0.74189
71,24,0.75232
72,23,0.76275
73,22,0.77317
74,21,0.78358
75,20,0.79398
76,19,0.80438
77,18,0.81476
78,17,0.82513
79,16,0.8355
80,15,0.84585
81,14,0.85619
82,13,0.86653
83,12,0.87685
84,11,0.88716
85,10,0.89747
86,9,0.90776
87,8,0.91805
88,7,0.92832
89,6,0.93859
90,5,0.94885
91,4,0.9591
92,3,0.96934
93,2,0.97957
94,1,0.98979
1,95,0.01092
2,94,0.02179
3,93,0.0326
4,92,0.04337
5,91,0.0541
6,90,0.0648
7,89,0.07547
8,88,0.08611
9,87,0.09673
10,86,0.10733
11,85,0.11791
12,84,0.12847
13,83,0.13903
14,82,0.14959
15,81,0.16014
16,80,0.17067
17,79,0.18119
18,78,0.19173
19,77,0.20226
20,76,0.21277
21,75,0.22328
22,74,0.23377
23,73,0.24426
24,72,0.25473
25,71,0.2652
26,70,0.27569
27,69,0.28618
28,68,0.29665
29,67,0.30713
30,66,0.3176
31,65,0.32807
32,64,0.33853
33,63,0.34898
34,62,0.35942
35,61,0.36985
36,60,0.38028
37,59,0.3907
38,58,0.40112
39,57,0.41152
40,56,0.42194
41,55,0.43237
42,54,0.44282
43,53,0.45327
44,52,0.46371
45,51,0.47414
46,50,0.48457
47,49,0.49498
48,48,0.50541
49,47,0.51583
50,46,0.52624
51,45,0.53664
52,44,0.54704
53,43,0.55743
54,42,0.56782
55,41,0.57819
56,40,0.58856
57,39,0.59896
58,38,0.60935
59,37,0.61973
60,36,0.63011
61,35,0.64048
62,34,0.65084
63,33,0.66119
64,32,0.67156
65,31,0.68192
66,30,0.69228
67,29,0.70263
68,28,0.71298
69,27,0.72332
70,26,0.73366
71,25,0.744
72,24,0.75432
73,23,0.76464
74,22,0.77495
75,21,0.78526
76,20,0.79556
77,19,0.80584
78,18,0.81613
79,17,0.8264
80,16,0.83667
81,15,0.84693
82,14,0.85718
83,13,0.86743
84,12,0.87767
85,11,0.8879
86,10,0.89812
87,9,0.90834
88,8,0.91855
89,7,0.92876
90,6,0.93895
91,5,0.94914
92,4,0.95933
93,3,0.96951
94,2,0.97968
95,1,0.98984
1,96,0.01071
2,95,0.02138
3,94,0.03202
4,93,0.04262
5,92,0.0532
6,91,0.06375
7,90,0.07429
8,89,0.0848
9,88,0.09529
10,87,0.10576
11,86,0.11623
12,85,0.12667
13,84,0.1371
14,83,0.14753
15,82,0.15794
16,81,0.16834
17,80,0.17876
18,79,0.18917
19,78,0.19957
20,77,0.20996
21,76,0.22034
22,75,0.23072
23,74,0.24109
24,73,0.25145
25,72,0.26183
26,71,0.27221
27,70,0.28258
28,69,0.29294
29,68,0.3033
30,67,0.31365
31,66,0.32399
32,65,0.33433
33,64,0.34466
34,63,0.35499
35,62,0.36531
36,61,0.37562
37,60,0.38593
38,59,0.39625
39,58,0.40657
40,57,0.41688
41,56,0.42721
42,55,0.43756
43,54,0.44789
44,53,0.45822
45,52,0.46855
46,51,0.47887
47,50,0.48918
48,49,0.49949
49,48,0.5098
50,47,0.5201
51,46,0.53039
52,45,0.54068
53,44,0.55096
54,43,0.56124
55,42,0.57151
56,41,0.58181
57,40,0.5921
58,39,0.60238
59,38,0.61266
60,37,0.62294
61,36,0.63321
62,35,0.64348
63,34,0.65375
64,33,0.66401
65,32,0.67428
66,31,0.68454
67,30,0.69479
68,29,0.70504
69,28,0.71528
70,27,0.72552
71,26,0.73575
72,25,0.74598
73,24,0.7562
74,23,0.76641
75,22,0.77662
76,21,0.78683
77,20,0.79703
78,19,0.80722
79,18,0.81741
80,17,0.8276
81,16,0.83778
82,15,0.84795
83,14,0.85812
84,13,0.86829
85,12,0.87845
86,11,0.8886
87,10,0.89875
88,9,0.9089
89,8,0.91904
90,7,0.92917
91,6,0.9393
92,5,0.94943
93,4,0.95955
94,3,0.96967
95,2,0.97979
96,1,0.98989
1,97,0.0105
2,96,0.02098
3,95,0.03144
4,94,0.04187
5,93,0.05229
6,92,0.0627
7,91,0.07308
8,90,0.08346
9,89,0.09382
10,88,0.10417
11,87,0.1145
12,86,0.12483
13,85,0.13515
14,84,0.14545
15,83,0.15575
16,82,0.16604
17,81,0.17633
18,80,0.1866
19,79,0.19687
20,78,0.20713
21,77,0.21739
22,76,0.22764
23,75,0.23791
24,74,0.24818
25,73,0.25844
26,72,0.2687
27,71,0.27896
28,70,0.2892
29,69,0.29945
30,68,0.30969
31,67,0.31992
32,66,0.33015
33,65,0.34037
34,64,0.35059
35,63,0.36081
36,62,0.37102
37,61,0.38123
38,60,0.39143
39,59,0.40163
40,58,0.41185
41,57,0.42208
42,56,0.43231
43,55,0.44253
44,54,0.45275
45,53,0.46296
46,52,0.47317
47,51,0.48338
48,50,0.49358
49,49,0.50378
50,48,0.51397
51,47,0.52416
52,46,0.53435
53,45,0.54454
54,44,0.55473
55,43,0.56493
56,42,0.57512
57,41,0.58531
58,40,0.59549
59,39,0.60567
60,38,0.61585
61,37,0.62602
62,36,0.63619
63,35,0.64636
64,34,0.65652
65,33,0.66668
66,32,0.67683
67,31,0.68698
68,30,0.69713
69,29,0.70727
70,28,0.71741
71,27,0.72755
72,26,0.73768
73,25,0.74781
74,24,0.75794
75,23,0.76806
76,22,0.77818
77,21,0.78829
78,20,0.79841
79,19,0.80852
80,18,0.81862
81,17,0.82872
82,16,0.83882
83,15,0.84892
84,14,0.85901
85,13,0.8691
86,12,0.87919
87,11,0.88927
88,10,0.89935
89,9,0.90943
90,8,0.9195
91,7,0.92957
92,6,0.93964
93,5,0.94971
94,4,0.95977
95,3,0.96983
96,2,0.97989
97,1,0.98995
1,98,0.0103
2,97,0.02058
3,96,0.03086
4,95,0.04112
5,94,0.05138
6,93,0.06162
7,92,0.07186
8,91,0.08209
9,90,0.09231
10,89,0.10252
11,88,0.11273
12,87,0.12293
13,86,0.13312
14,85,0.14331
15,84,0.15349
16,83,0.16366
17,82,0.17383
18,81,0.184
19,80,0.19416
20,79,0.20432
21,78,0.21447
22,77,0.22462
23,76,0.23476
24,75,0.2449
25,74,0.25503
26,73,0.26517
27,72,0.27529
28,71,0.28542
29,70,0.29554
30,69,0.30566
31,68,0.31578
32,67,0.32589
33,66,0.336
34,65,0.34611
35,64,0.35621
36,63,0.36632
37,62,0.37644
38,61,0.38657
39,60,0.3967
40,59,0.40682
41,58,0.41694
42,57,0.42706
43,56,0.43717
44,55,0.44728
45,54,0.45739
46,53,0.4675
47,52,0.4776
48,51,0.48771
49,50,0.4978
50,49,0.5079
51,48,0.51799
52,47,0.52809
53,46,0.53817
54,45,0.54826
55,44,0.55835
56,43,0.56843
57,42,0.57851
58,41,0.58858
59,40,0.59866
60,39,0.60873
61,38,0.6188
62,37,0.62887
63,36,0.63893
64,35,0.64899
65,34,0.65905
66,33,0.66911
67,32,0.67917
68,31,0.68922
69,30,0.69928
70,29,0.70933
71,28,0.71937
72,27,0.72942
73,26,0.73946
74,25,0.74951
75,24,0.75955
76,23,0.76959
77,22,0.77962
78,21,0.78966
79,20,0.79969
80,19,0.80972
81,18,0.81975
82,17,0.82978
83,16,0.8398
84,15,0.84983
85,14,0.85985
86,13,0.86987
87,12,0.87989
88,11,0.88991
89,10,0.89992
90,9,0.90994
91,8,0.91995
92,7,0.92996
93,6,0.93997
94,5,0.94998
95,4,0.95999
96,3,0.96999
97,2,0.98
98,1,0.99
1,99,0.0101
2,98,0.02019
3,97,0.03028
4,96,0.04037
5,95,0.05045
6,94,0.06053
7,93,0.0706
8,92,0.08067
9,91,0.09074
10,90,0.10081
11,89,0.11087
12,88,0.12093
13,87,0.13099
14,86,0.14105
15,85,0.1511
16,84,0.16115
17,83,0.17119
18,82,0.18124
19,81,0.19128
20,80,0.20132
21,79,0.21136
22,78,0.22139
23,77,0.23143
24,76,0.24146
25,75,0.25149
26,74,0.26151
27,73,0.27154
28,72,0.28156
29,71,0.29158
30,70,0.3016
31,69,0.31162
32,68,0.32163
33,67,0.33165
34,66,0.34166
35,65,0.35167
36,64,0.36168
37,63,0.37168
38,62,0.38169
39,61,0.39169
40,60,0.4017
41,59,0.4117
42,58,0.4217
43,57,0.4317
44,56,0.44169
45,55,0.45169
46,54,0.46168
47,53,0.47168
48,52,0.48167
49,51,0.49166
50,50,0.50165
51,49,0.51164
52,48,0.52163
53,47,0.53161
54,46,0.5416
55,45,0.55158
56,44,0.56156
57,43,0.57155
58,42,0.58153
59,41,0.59151
60,40,0.60149
61,39,0.61146
62,38,0.62144
63,37,0.63142
64,36,0.64139
65,35,0.65137
66,34,0.66134
67,33,0.67131
68,32,0.68128
69,31,0.69125
70,30,0.70122
71,29,0.71119
72,28,0.72116
73,27,0.73113
74,26,0.74109
75,25,0.75106
76,24,0.76103
77,23,0.77099
78,22,0.78095
79,21,0.79092
80,20,0.80088
81,19,0.81084
82,18,0.8208
83,17,0.83076
84,16,0.84072
85,15,0.85068
86,14,0.86064
87,13,0.8706
88,12,0.88056
89,11,0.89051
90,10,0.90047
91,9,0.91042
92,8,0.92038
93,7,0.93033
94,6,0.94029
95,5,0.95024
96,4,0.96019
97,3,0.97015
98,2,0.9801
99,1,0.99005
1,100,0.0099
2,99,0.0198
3,98,0.0297
4,97,0.0396
5,96,0.0495
6,95,0.05941
7,94,0.06931
8,93,0.07921
9,92,0.08911
10,91,0.09901
11,90,0.10891
12,89,0.11881
13,88,0.12871
14,87,0.13861
15,86,0.14851
16,85,0.15842
17,84,0.16832
18,83,0.17822
19,82,0.18812
20,81,0.19802
21,80,0.20792
22,79,0.21782
23,78,0.22772
24,77,0.23762
25,76,0.24752
26,75,0.25743
27,74,0.26733
28,73,0.27723
29,72,0.28713
30,71,0.29703
31,70,0.30693
32,69,0.31683
33,68,0.32673
34,67,0.33663
35,66,0.34653
36,65,0.35644
37,64,0.36634
38,63,0.37624
39,62,0.38614
40,61,0.39604
41,60,0.40594
42,59,0.41584
43,58,0.42574
44,57,0.43564
45,56,0.44554
46,55,0.45545
47,54,0.46535
48,53,0.47525
49,52,0.48515
50,51,0.49505
51,50,0.50495
52,49,0.51485
53,48,0.52475
54,47,0.53465
55,46,0.54455
56,45,0.55446
57,44,0.56436
58,43,0.57426
59,42,0.58416
60,41,0.59406
61,40,0.60396
62,39,0.61386
63,38,0.62376
64,37,0.63366
65,36,0.64356
66,35,0.65347
67,34,0.66337
68,33,0.67327
69,32,0.68317
70,31,0.69307
71,30,0.70297
72,29,0.71287
73,28,0.72277
74,27,0.73267
75,26,0.74257
76,25,0.75248
77,24,0.76238
78,23,0.77228
79,22,0.78218
80,21,0.79208
81,20,0.80198
82,19,0.81188
83,18,0.82178
84,17,0.83168
85,16,0.84158
86,15,0.85149
87,14,0.86139
88,13,0.87129
89,12,0.88119
90,11,0.89109
91,10,0.90099
92,9,0.91089
93,8,0.92079
94,7,0.93069
95,6,0.94059
96,5,0.9505
97,4,0.9604
98,3,0.9703
99,2,0.9802
100,1,0.9901
